log2,depth
0.164838,57.3136
0.164838,63.4921
0.164838,123.58
0.164838,143.635
0.164838,52.8933
0.164838,117.621
0.164838,13.4776
0.164838,44.5198
0.164838,11.2234
0.164838,39.9507
0.164838,60.9762
0.164838,88.1324
0.164838,64.3286
0.164838,49.0268
0.164838,58.3913
0.164838,65.9189
0.164838,81.5
0.164838,50.9384
0.164838,25.9167
0.164838,80.2841
0.164838,29.1186
0.164838,79.898
0.164838,70.5722
0.164838,105.274
0.164838,52.8684
0.164838,31.98
-26.1891,0
0.388766,6.47581
0.388766,67.3713
0.388766,80.2174
0.388766,66.3043
0.388766,73.907
0.388766,143.815
0.388766,62.5494
0.388766,8.89256
0.388766,140.046
0.388766,132.488
0.388766,75.6802
0.388766,91.3647
0.388766,73.525
0.388766,44.1203
0.388766,74.1531
0.388766,78.0719
0.388766,205.364
0.388766,85.2637
0.388766,7.72727
0.388766,70.9903
0.388766,79.7454
0.388766,176.344
0.388766,61.2169
0.388766,223.739
0.388766,40.5
0.388766,181.922
0.388766,183.193
0.388766,72.0152
0.388766,124
0.388766,113.36
0.388766,45.4771
0.388766,43.9493
0.388766,6.06481
0.388766,74.2037
0.388766,262.713
0.388766,148.447
0.388766,123.302
0.388766,53.701
0.388766,193.366
0.388766,192.624
0.388766,101.175
0.388766,249.163
0.388766,67.0876
0.388766,173.767
0.388766,136.027
0.388766,6.86547
0.388766,72.4467
0.388766,23.8864
0.388766,33.9829
0.388766,56.4115
0.388766,6.91667
0.388766,262.488
0.388766,308.708
0.388766,36.6136
0.388766,121.709
0.388766,163.974
0.388766,198.727
0.388766,41.5403
0.388766,168.979
0.388766,87.9472
0.388766,15.5417
0.388766,49.445
0.388766,46.7195
0.388766,30.4513
0.388766,105.63
0.388766,90.165
0.388766,68.787
0.388766,54.7246
0.388766,143.529
0.388766,76.3714
0.388766,46.6522
0.388766,82.7273
0.388766,177.231
0.388766,154.435
0.388766,45.6721
0.388766,87.0833
0.388766,97.3918
0.388766,147.714
0.388766,61.9536
0.388766,73.2314
0.388766,19.3252
0.388766,22.9194
0.388766,89.9478
0.388766,24.5882
0.388766,49.249
0.388766,46.1639
0.388766,198.203
0.388766,216.113
0.388766,113.762
0.388766,42.8105
0.388766,88.6584
0.388766,45.5278
0.388766,99.6235
0.388766,81.5038
0.388766,36.8897
0.388766,160.878
0.388766,42.0982
0.388766,55.6832
0.388766,92.498
0.388766,62.5797
0.388766,82.5322
0.388766,77.675
0.388766,16.1732
0.388766,36.6858
0.388766,73.8889
0.388766,66.1893
0.388766,29.3121
0.388766,46.3417
0.388766,86.4106
0.388766,39.8217
0.388766,222.133
0.388766,109.612
0.388766,31.4677
0.388766,179.62
0.388766,48.6569
0.388766,46.0423
0.388766,184.192
0.388766,52.505
0.388766,30.9417
0.388766,80.9958
0.388766,85.9787
0.388766,99.7225
0.388766,65.7216
0.388766,41.4475
0.388766,40.6907
0.388766,118.486
0.388766,3.00806
0.388766,232.834
0.388766,179.073
0.388766,51.5695
0.388766,218.132
0.388766,33.1765
0.388766,23.8563
0.388766,44.9349
0.388766,46.4317
0.388766,166.262
0.388766,51.1401
0.388766,76.71
0.388766,22.2206
0.388766,193.151
0.388766,63.8538
0.388766,283.54
0.388766,87.9059
0.388766,46.3484
0.388766,189.489
0.388766,126.08
0.388766,59.3618
0.388766,24.8492
0.388766,16.065
0.388766,73.0961
0.388766,23.5676
0.388766,264.794
0.388766,15.8917
0.388766,111.114
0.388766,79.8073
0.388766,59.1558
0.388766,73.1635
0.388766,90.3808
0.388766,88.0654
0.388766,119.444
0.388766,371.952
0.388766,70.7935
0.388766,59.0075
0.388766,84.1092
0.388766,38.716
0.388766,103.289
0.388766,120.944
0.388766,93.8172
0.388766,232.218
0.388766,87.5944
0.388766,173.404
0.388766,184.446
0.388766,56.1463
0.388766,92.441
0.388766,34.1081
0.388766,18.3116
0.388766,84.6858
0.388766,92.6955
0.388766,39.6653
0.388766,67.5216
0.388766,40.125
0.388766,43.3633
0.388766,55.7443
0.388766,93.7634
0.388766,76.9964
0.388766,31.4333
0.388766,199.551
0.388766,66.6809
0.388766,72.608
0.388766,57.2582
0.388766,98.2206
0.388766,38.9708
0.388766,110.262
0.388766,89.3966
0.388766,101.289
0.388766,42.867
0.388766,188.859
0.388766,49.7266
0.388766,81.9082
0.388766,145.762
0.388766,56.2542
0.388766,57.4049
0.388766,44.1594
0.388766,91.0391
0.388766,110.939
0.388766,27.4211
0.388766,171.514
0.388766,58.4639
0.388766,122.313
0.388766,120.451
0.388766,114.713
0.388766,6.61157
0.388766,59.5445
0.388766,138.898
0.388766,243.254
0.388766,71.8149
0.388766,159.341
0.388766,78.7729
0.388766,36.6266
0.388766,31.2977
0.388766,40.1886
0.388766,182.015
0.388766,145.33
0.388766,94.0301
0.388766,87.5992
0.388766,95.9465
0.388766,60.4101
0.388766,28.8719
0.388766,171.559
0.388766,64.0349
0.388766,15.1488
0.388766,70.0485
0.388766,112.206
0.388766,160.402
0.388766,93.2939
0.388766,69.203
0.388766,117.835
0.388766,82.4318
0.388766,50.9622
0.388766,69.1559
0.388766,120.483
0.388766,77.8988
0.388766,65.7161
0.388766,41.9866
0.388766,129.929
0.388766,18.6359
0.388766,83.8802
0.388766,32.0245
0.388766,42.3377
0.388766,64.5987
0.388766,25.5303
0.388766,41.6283
0.388766,136.702
0.388766,237.309
0.388766,158.033
0.388766,98.8023
0.388766,106.884
0.388766,140.199
0.388766,112.601
0.388766,27.9053
0.388766,28.3248
0.388766,180.356
0.388766,29.437
0.388766,46.4667
0.388766,173.62
0.388766,48.6034
0.388766,120.611
0.388766,80.705
0.388766,72.3514
0.388766,96.8638
0.388766,97.5864
0.388766,201.126
0.388766,43.582
0.388766,30.9889
0.388766,42.7742
0.388766,41.7573
0.388766,181.764
0.388766,265.427
0.388766,43.0909
0.388766,69.1741
0.388766,152.45
0.388766,62.3412
0.388766,48.4138
0.388766,44.5616
0.388766,141.517
0.388766,108.815
0.388766,109.34
0.388766,84.4729
0.388766,152.308
0.388766,110.735
0.388766,91.2645
0.388766,52.9608
0.388766,42.0997
0.388766,51.0735
0.388766,144.56
0.388766,592.554
0.388766,44.5109
0.388766,225.171
0.388766,117.898
0.388766,121.9
0.388766,265.245
0.388766,172.828
0.388766,152.288
0.388766,157.584
0.388766,47.7379
0.388766,81.2132
0.388766,31.4128
0.388766,74.8799
0.388766,46.117
0.388766,30.2654
0.388766,175.85
0.388766,170.838
0.388766,51.5594
0.388766,71.117
0.388766,57.0586
0.388766,87.9
0.388766,38.6533
0.388766,140.212
0.388766,28.8851
0.388766,42.3826
0.388766,22.6481
0.388766,24.6643
0.388766,51.5273
0.388766,59.1961
0.388766,82.2908
0.388766,59.4429
0.388766,95.4158
0.388766,218.932
0.388766,16.7143
0.388766,44.1203
0.388766,138.154
0.388766,45.1143
0.388766,46.9908
0.388766,76.5279
0.388766,36.3767
0.388766,151.61
0.388766,59.4504
0.388766,79.5708
0.388766,100.679
0.388766,41.0176
0.388766,36.5097
0.388766,39.1279
0.388766,97.6053
0.388766,88.3839
0.388766,107.958
0.388766,49.8515
0.388766,23.415
0.388766,27.3663
0.388766,73.6795
0.388766,37.7083
0.388766,54.3322
0.388766,47.5837
0.388766,63.19
0.388766,66.7812
0.388766,10.5542
0.388766,72.3147
0.388766,52.8634
0.388766,54.4365
0.388766,97.4067
0.388766,21.0447
0.388766,16.3576
0.388766,96.0676
0.388766,47.6374
0.388766,32.7297
0.388766,49.9032
0.388766,99.7075
0.388766,107.481
0.388766,97.6125
0.388766,277.616
0.388766,317.473
0.388766,96.2174
0.388766,123.841
0.388766,81.8233
0.388766,26.535
0.388766,8.76331
0.388766,24.052
0.388766,75.1349
0.388766,103.43
0.388766,55.4327
0.388766,92.5885
0.388766,84.5706
0.388766,58.1478
0.388766,51.0909
0.388766,125.078
0.388766,29.736
0.388766,24.9571
0.388766,17.5916
0.388766,19.4909
0.388766,163.135
0.388766,68.1057
0.388766,66.669
0.388766,140.216
0.388766,66.1546
0.388766,60.7879
0.388766,112.319
0.388766,29.0602
0.388766,88.8649
0.388766,27.7524
0.388766,58.7197
0.388766,142.565
0.388766,152.841
0.388766,51.1692
0.388766,46.7722
0.388766,16.575
0.388766,16.5476
0.388766,32.2893
0.388766,37.7479
0.388766,40.8583
0.388766,149.275
0.388766,31.2743
0.388766,122.946
0.388766,34.474
0.388766,44.396
0.388766,63.7231
0.388766,100.071
0.388766,158.01
0.388766,26.8583
0.388766,81.9359
0.388766,39.9198
0.388766,58.2864
0.388766,66.1302
0.388766,83.7405
0.388766,113.215
0.388766,24.2
0.388766,166.595
0.388766,215.858
0.388766,68.4495
0.388766,194.901
0.388766,58.5531
0.388766,160.936
0.388766,115.425
0.388766,60.4157
0.388766,49.3953
0.388766,63.9346
0.388766,69.7107
0.388766,44.8811
0.388766,54.3822
0.388766,67.796
0.388766,76.3859
0.388766,84.8143
0.388766,117.7
0.388766,226.817
0.388766,173.006
0.388766,170.569
0.388766,115.212
0.388766,198.689
0.388766,29.3922
0.388766,116.467
0.388766,136.889
0.388766,42.0619
0.388766,39.0802
0.388766,36.3083
0.388766,44.018
0.388766,46.173
0.388766,215.321
0.388766,10.6313
0.388766,68.0063
0.388766,40.8
0.388766,79.9777
0.388766,36.8791
0.388766,14.0137
0.388766,66.9592
0.388766,35.2473
0.388766,39.3822
0.388766,24.2561
0.388766,45.1393
0.388766,132.502
0.388766,121.76
0.388766,143.225
0.388766,222.664
0.388766,43.73
0.388766,64.8625
0.388766,130.295
0.388766,59.5132
0.388766,26.345
0.388766,52.4248
0.388766,8.88018
0.388766,114.996
0.388766,253
0.388766,79.6065
0.388766,202.072
0.388766,127.289
0.388766,73.0066
0.388766,45.9052
0.388766,135.641
0.388766,91.2398
0.388766,8.63473
0.388766,77.3061
0.388766,104.89
0.388766,11.4257
0.388766,63.1397
0.388766,179.814
0.388766,98.2234
0.388766,157.983
0.388766,74.4842
0.388766,34.2231
0.388766,66.3714
0.388766,155.649
0.388766,119.404
0.388766,13.5748
0.388766,52.7772
0.365999,45.1376
0.336813,233.996
0.336813,287.56
0.336813,122.421
0.336813,10.5212
0.336813,135.672
0.336813,221.488
0.336813,102.758
0.336813,121.324
0.336813,156.76
0.336813,57.5
0.336813,14.4667
0.336813,48.7267
0.336813,22.8113
0.336813,194.412
0.336813,23.8099
0.336813,289.259
0.336813,68.2988
0.336813,89.613
0.336813,50.2137
0.336813,78.3771
0.336813,25.508
0.336813,28.8873
0.336813,39.1749
0.336813,75.9886
0.336813,77.5313
0.336813,71.2842
0.336813,28.9509
0.336813,103.502
0.336813,57.1931
0.336813,113.179
0.336813,36.2406
0.336813,20.8195
0.336813,23.1758
0.336813,58.4892
0.336813,88.0137
0.336813,209.56
0.336813,224.679
0.336813,249.045
0.336813,172.887
0.336813,208.199
0.336813,82.5133
0.336813,73.2143
0.336813,108.074
0.336813,170.603
0.336813,165.347
0.336813,56.9798
0.336813,100.254
0.336813,156.813
0.336813,77.4344
0.336813,320.7
0.336813,64.4081
0.336813,76.0144
0.336813,78.761
0.336813,52.133
0.336813,131.419
0.336813,47.9604
0.336813,31.9004
0.336813,152.8
0.336813,79.952
0.336813,37.9577
0.336813,150.72
0.336813,123.277
0.336813,121.917
0.336813,100.29
0.336813,267.667
0.336813,19.6884
0.336813,120.42
0.336813,95.0619
0.336813,46.0872
0.336813,19.494
0.336813,89.9972
0.336813,42.1799
0.336813,24.8131
0.336813,84.2369
0.336813,140.605
0.336813,35.8876
0.336813,7.56561
0.336813,32.3207
0.336813,45.8189
0.336813,202.537
0.336813,29.3786
0.336813,122.739
0.336813,98.0377
0.336813,35.3115
0.336813,162.513
0.336813,102.956
0.336813,82.7161
0.336813,42.3027
0.336813,40.1455
0.336813,213.997
0.336813,166.665
0.336813,104.171
0.336813,72.1106
0.336813,71.5887
0.336813,236.575
0.336813,192.628
0.336813,87.6901
0.336813,139.474
0.336813,119.331
0.336813,24.4167
0.336813,229.778
0.336813,96.0789
0.336813,172.732
0.336813,106.309
0.336813,72.0711
0.336813,59.7583
0.336813,110.223
0.336813,38.807
0.336813,38.1716
0.336813,90.6289
0.336813,204.63
0.336813,59.3133
0.336813,75.2685
0.336813,169.649
0.336813,63.3284
0.336813,20.7696
0.336813,27.1927
0.336813,81.0578
0.336813,212.389
0.336813,11.7222
0.336813,15.3719
0.336813,3.325
0.336813,71.6583
0.336813,63.2479
0.336813,36.0444
0.336813,67.8514
0.336813,91.6192
0.336813,125.105
0.336813,121.164
0.336813,94.3986
0.336813,119.388
0.336813,51.7019
0.336813,86.8264
0.336813,51.2664
0.336813,194.867
0.336813,27.7353
0.336813,70.4685
0.336813,108.605
0.336813,33.2723
0.336813,84.0568
0.336813,84.6893
0.336813,140.966
0.336813,149.102
0.336813,165.066
0.336813,79.1609
0.336813,135.608
0.336813,179.966
0.336813,149.678
0.336813,79.4792
0.336813,79.3178
0.336813,20.5868
0.336813,204.188
0.336813,17.2509
0.336813,170.625
0.336813,27.8511
0.336813,277.93
0.336813,171.31
0.336813,131.076
0.336813,237.136
0.336813,30.5369
0.336813,118.022
0.336813,211.496
0.336813,118.5
0.336813,47.6574
0.336813,180.338
0.336813,94.2327
0.336813,164.073
0.336813,138.118
0.336813,70.5398
0.336813,102.183
0.336813,134.899
0.336813,13.4367
0.336813,103.876
0.336813,63.6368
0.336813,40.4627
0.336813,72.7557
0.336813,190.539
0.336813,109.958
0.336813,127.668
0.336813,32.9944
0.336813,135.325
0.336813,139.284
0.336813,129.39
0.336813,25.39
0.336813,40.1546
0.336813,140.264
0.336813,359.242
0.336813,234.873
0.336813,119.303
0.336813,47.7407
0.336813,73.653
0.336813,151.217
0.336813,91.6455
0.336813,172.19
0.336813,299.357
0.336813,119.517
0.336813,53.815
0.336813,18.2917
0.336813,40.9158
0.336813,147.652
0.336813,70.0349
0.336813,130.139
0.336813,56.6294
0.336813,127.432
0.336813,135.491
0.336813,190.554
0.336813,43.7417
0.336813,248.099
0.336813,78.5243
0.336813,48.1701
0.336813,77.2174
0.4746978,44.3992
0.4746978,52.5075
0.4746978,175.992
0.4746978,26.6261
0.4746978,184.021
0.4746978,72.6812
0.4746978,105.367
0.4746978,129.874
0.4746978,263.12
0.4746978,49.0154
0.4746978,114.777
0.4746978,50.957
0.4746978,24.1667
0.4746978,50.081
0.4746978,72.0284
0.4746978,63.264
0.4746978,69.0205
0.4746978,158.075
0.4746978,131.332
0.4746978,79.825
0.4746978,57.9478
0.4746978,158.249
0.4746978,69.8333
0.4746978,69.7941
0.4746978,146.363
0.4746978,187.346
0.4746978,49.9569
0.4746978,98.0778
0.4746978,92.3478
0.4746978,80.9208
0.4746978,269.825
0.4746978,222.049
0.4746978,3.44385
0.4746978,15.2048
0.4746978,95.0766
0.4746978,166.608
0.4746978,365.942
0.4746978,67.0803
0.4746978,126.271
0.4746978,56.1695
0.4746978,170.715
0.4746978,50.0778
0.4746978,260.046
0.4746978,69.1367
0.4746978,55.4545
0.4746978,66.6281
0.4746978,121.311
0.4746978,70.173
0.4746978,91.2493
0.4746978,281.438
0.4746978,46.2546
0.4746978,13.2
0.4746978,72.2
0.4746978,129.217
0.4746978,169.667
0.4746978,50.5118
0.4746978,171.502
0.4746978,108.685
0.4746978,261.504
0.4746978,92.2356
0.4746978,21.0962
0.4746978,74.3077
0.4746978,20.625
0.4746978,217.294
0.4746978,56.0673
0.4746978,53.843
0.4746978,80.7584
0.4746978,55.1127
0.4746978,145.764
0.4746978,91.1167
0.4746978,163.654
0.4746978,65.145
0.4746978,43.9404
0.4746978,238.555
0.4746978,35.4535
0.4746978,175.29
0.4746978,148.302
0.4746978,80.3582
0.4746978,135.922
0.4746978,58.7657
0.4746978,63.175
0.4746978,49.0685
0.4746978,115.707
0.4746978,94.3266
0.4746978,230.245
0.4746978,140.365
0.4746978,22.7455
0.4746978,61.3682
0.4746978,210.727
0.4746978,138.729
0.4746978,50.8082
0.4746978,115.994
0.4746978,19.8824
0.4746978,147.239
0.4746978,141.302
0.4746978,290.381
0.4746978,169.912
0.4746978,166.978
0.4746978,270.939
0.4746978,202.392
0.4746978,63.331
0.4746978,91.4675
0.4746978,62.2763
0.4746978,120.682
0.4746978,121.835
0.4746978,109.204
0.4746978,96.9974
0.4746978,82.4917
0.4746978,109.548
0.4746978,18.9701
0.4746978,36.8548
0.4746978,73.6413
0.4746978,81.336
0.4746978,44.1557
0.4746978,131.992
0.4746978,180.185
0.4746978,151.766
0.4746978,21.3028
0.4746978,195.439
0.4746978,133.808
0.4746978,45.8488
0.4746978,126.9
0.4746978,20.4669
0.4746978,58.0042
0.4746978,521.781
0.4746978,25.1359
0.4746978,102.758
0.4746978,174.013
0.4746978,39.1209
0.4746978,53.7608
0.4746978,99.5
0.4746978,68.9433
0.4746978,111.246
0.4746978,79.9179
0.4746978,62.0476
0.4746978,100.955
0.4746978,71.8995
0.4746978,48.6799
0.4746978,218.764
0.4746978,119.414
0.4746978,77.2784
0.4746978,260.618
0.4746978,144.198
0.4746978,196.426
0.4746978,79.0878
0.4746978,45.4274
0.4746978,148.454
0.4746978,25.8826
0.4746978,28.1593
0.4746978,140.625
0.4746978,106.135
0.4746978,129.694
0.4746978,184.004
0.4746978,215.368
0.4746978,98.7931
0.4746978,46.7418
0.4746978,117.137
0.4746978,151.421
0.4746978,113.68
0.4746978,49.8929
0.4746978,41.4697
0.4746978,124.659
0.4746978,83.412
0.4746978,98.031
0.4746978,136.595
0.4746978,196.629
0.4746978,50.2961
0.4746978,247.769
0.4746978,34.2344
0.4746978,55.1458
0.4746978,73.5197
0.4746978,231.485
0.4746978,31.6858
0.4746978,237.702
0.4746978,50.1003
0.4746978,24.3478
0.4746978,150.623
0.4746978,71.3989
0.4746978,56.7675
0.4746978,65.8082
0.4746978,40.2146
0.4746978,289.522
0.4746978,134.005
0.4746978,58.8498
0.4746978,68.3686
0.4746978,46.2963
0.4746978,230.517
0.4746978,40.0221
0.4746978,151.228
0.4746978,261.664
0.4746978,113.568
0.4746978,54.4079
0.4746978,107.536
0.4746978,247.744
0.4746978,162.217
0.4746978,161.086
0.4746978,43.5663
0.4746978,50.1374
0.4746978,144.606
0.4746978,97.6526
0.4746978,66.2475
0.4746978,94.06
0.4746978,67.4409
0.4746978,65.8295
0.4746978,107.917
0.4746978,47.0246
0.4746978,55.6917
0.4746978,74.9729
0.4746978,57.0636
0.4746978,130.812
0.4746978,69.766
0.4746978,60.5048
0.4746978,39.0356
0.4746978,94.7966
0.4746978,11.902
0.4746978,98.8937
0.4746978,128.915
0.4746978,115.173
0.4746978,151.957
0.4746978,23.315
0.4746978,21.0398
0.4746978,110.405
0.4746978,88.0492
0.4746978,76.96
0.4746978,57.1034
0.4746978,38.3199
0.4746978,27.8268
0.4746978,20.617
0.4746978,214.607
0.4746978,79.1289
0.4746978,70.1404
0.4746978,123.308
0.4746978,97.5973
0.4746978,149.337
0.4746978,41.8982
0.4746978,138.163
0.4746978,38.6357
0.4746978,33.7304
0.4746978,50.8697
0.4746978,133.032
0.4746978,50.1187
0.4746978,198.426
0.4746978,126.975
0.4746978,165.611
0.4746978,191.492
0.4746978,95.5992
0.4746978,51.4164
0.4746978,262.858
0.4746978,161.348
0.4746978,16.0465
0.4746978,104.46
0.4746978,48.7422
0.4746978,35.0783
0.4746978,56.0355
0.4746978,68.504
0.4746978,122.158
0.4746978,149.472
0.4746978,59.9202
0.4746978,57.9412
0.4746978,155.115
0.4746978,19.4891
0.4746978,62.0847
0.4746978,40.725
0.4746978,8.68302
0.4746978,98.5297
0.4746978,79.3785
0.4746978,153.728
0.4746978,83.1497
0.4746978,85.2406
0.4746978,71.0389
0.4746978,60.6231
0.4746978,79.427
0.4746978,99.4409
0.4746978,90.6778
0.4746978,23.5
0.4746978,39.3333
0.4746978,19.5561
0.4746978,43.9152
0.4746978,83.3938
0.4746978,11.8417
0.4746978,200.618
0.4746978,101.726
0.4746978,37.6548
0.4746978,23.5943
0.4746978,150.514
0.4746978,178.219
0.4746978,101.295
0.4746978,178.562
0.4746978,99.9607
0.4746978,77.7471
0.4746978,30.081
0.4746978,39.3648
0.4746978,86.934
0.4746978,43.7828
0.4746978,75.7684
0.4746978,33.0683
0.4746978,36.2744
0.4746978,141.701
0.4746978,121.561
0.4746978,87.326
0.4746978,16.7975
0.4746978,92.3168
0.4746978,119.63
0.4746978,132.78
0.4746978,31.7888
0.4746978,196.281
0.4746978,33.8465
0.4746978,18.3805
0.4746978,87.844
0.4746978,190.162
0.4746978,52.5041
0.4746978,177.09
0.4746978,0
0.4746978,120.659
0.4746978,51.1477
0.4746978,316.759
0.4746978,139.739
0.4746978,85.479
0.4746978,11.636
0.4746978,104.708
0.4746978,210.552
0.4746978,79.2157
0.4746978,86.8303
0.4746978,114.233
0.4746978,48.8586
0.4746978,342.64
0.4746978,67.6735
0.4746978,44.0627
0.4746978,158.622
0.4746978,114.245
0.4746978,58.8417
0.4746978,446.546
0.4746978,204.124
0.4746978,71.1207
0.4746978,122.408
0.4746978,17.4579
0.4746978,59.5694
0.4746978,104.631
0.4746978,107.333
0.4746978,71.4911
0.4746978,35.4652
0.4746978,30.0394
0.4746978,47.4652
0.4746978,157.717
0.4746978,125.417
0.4746978,199.668
0.4746978,52.2208
0.4746978,81.7424
0.4746978,158.612
0.4746978,44.0496
0.4746978,30.6103
0.4746978,16.8111
0.4746978,66.9898
0.4746978,23.4286
0.4746978,55.5
0.4746978,221.265
0.4746978,102.843
0.4746978,18.6239
0.4746978,107.169
0.4746978,64.5095
0.4746978,126.508
0.4746978,27.4833
0.4746978,146.938
0.4746978,90.0027
-23.1659,0.937255
-0.119619,90.2943
-0.119619,89.2778
-0.119619,55.675
-0.119619,43.21
-0.119619,36.2597
-0.119619,25.8083
-0.119619,66.2843
-0.119619,50.038
-0.119619,51.0843
-0.119619,70.491
-0.119619,23.3509
-0.119619,92.2446
-0.119619,49.7008
-0.119619,43.7167
-0.119619,88.2
-0.119619,106.538
-0.119619,28.6809
-0.119619,28.2394
-0.119619,45.7961
-0.119619,74.9854
-0.119619,92.1694
-0.119619,79.8235
-0.119619,122.94
-0.119619,125.265
-0.119619,33.0239
-0.119619,14.0549
-0.119619,44.4502
-0.119619,12.1488
-0.119619,15.5785
-0.119619,46.0684
-0.119619,23.3292
-0.119619,69.3195
-0.119619,129.476
-0.119619,197.492
-0.119619,62.0135
-0.119619,23.6439
-0.119619,41.7667
-0.119619,50.3193
-0.119619,61.0239
-0.119619,106.731
-0.119619,93.0769
-0.119619,5.31783
-0.119619,146.387
-0.119619,31.0847
-0.119619,74.2135
-0.119619,51.2752
-0.119619,36.8457
-0.119619,42
-0.119619,39.9331
-0.119619,15.2732
-0.119619,32.4115
-0.119619,109.659
-0.119619,2.04265
-0.119619,44.0465
-0.119619,55.6322
-0.119619,98.9492
-0.119619,15.023
-0.119619,36.7327
-0.119619,23.405
-0.119619,146.241
-0.119619,40.7048
-0.119619,49.4372
2.90613,2363.35
2.90613,1216.64
2.90613,472.981
2.90613,1013.26
2.90613,226.382
-0.8726,17.9839
-0.8726,45.3099
-0.8726,37.8932
-0.8726,10.9442
-0.8726,112.24
-0.8726,22.3
-0.8726,57.8801
-0.8726,32.5286
-0.8726,57.3588
-0.8726,36.4062
-0.8726,99.3379
-0.8726,37.6282
-0.8726,29.3916
-0.8726,40.7125
-0.8726,88.2603
-0.8726,40.705
-0.8726,36.4561
-0.8726,14.7431
-0.8726,32.8674
-0.8726,46.7682
-0.8726,46.7527
-0.8726,131.984
-0.8726,39.3042
-0.027339,73.8788
0.4335516,254.768
0.4335516,123.874
0.4335516,82.1421
0.4335516,72.8427
0.4335516,32.5177
0.4335516,182.295
0.4335516,85.0548
0.4335516,76.3116
0.4335516,72.0275
0.4335516,81.0364
0.4335516,57.8889
0.4335516,45.7126
0.4335516,192.592
0.4335516,64.48
0.4335516,66.302
0.4335516,107.748
0.4335516,222.983
0.4335516,114.697
0.4335516,73.7256
0.4335516,93.9507
0.4335516,61.038
0.4335516,80.5842
0.4335516,101.643
0.4335516,74.0487
0.4335516,186.616
0.4335516,114.9
0.4335516,86.4868
0.4335516,246.717
0.4335516,156.125
0.4335516,146.625
0.4335516,84.4256
0.4335516,53.1591
0.4335516,62.066
0.4335516,81.0317
0.4335516,85.6512
0.4335516,114.427
0.4335516,86.7106
0.4335516,113.914
0.4335516,140.218
0.4335516,22.5877
0.4335516,121.471
0.4335516,114.88
0.4335516,195.665
0.4335516,68.8167
0.4335516,166.421
0.4335516,67.6725
0.4335516,232.088
0.4335516,83.5248
-0.083385,55.3769
-0.083385,174.385
-0.083385,88.4395
-0.083385,49.283
0.007354,61.0121
0.007354,18.2667
0.007354,52.2648
0.007354,70.6722
0.007354,113.296
0.007354,84.9588
0.007354,40.1661
0.007354,48.2989
0.007354,178.019
0.007354,30.3762
0.007354,131.943
0.007354,72.938
0.007354,83.4839
0.007354,41.2921
0.007354,110.403
0.007354,71.788
0.007354,86.1818
0.007354,175.962
0.007354,39.0827
0.007354,183.835
0.007354,105.426
0.007354,28.5633
0.007354,59.8635
0.007354,73.2965
0.007354,52.9164
0.007354,46.4453
0.007354,72.2641
0.007354,89.701
0.007354,108.278
0.007354,112.335
0.007354,117.099
0.007354,233.069
0.007354,74.304
0.007354,66.4124
0.007354,74.7529
0.007354,10.3805
0.007354,43.9898
0.007354,71.1056
0.007354,9.53659
0.007354,40.82
0.007354,54.6237
0.007354,59.4332
0.007354,66.7212
0.007354,33.03
0.007354,40.6756
0.007354,21.0441
0.007354,193.148
0.007354,6.86667
0.007354,124.519
0.007354,11.7
0.007354,67.7954
0.007354,46.0037
0.007354,40.5704
0.007354,48.4286
0.007354,37.4148
0.007354,60.3496
0.007354,30.2744
0.007354,75.9516
0.007354,33.5349
0.007354,14.9341
0.007354,59.8914
0.007354,155.55
-0.53381,30.1264
-0.53381,56.7452
-0.53381,29.9806
-1.37553,11.9847
0.334494,142.822
0.334494,150.485
-0.91759,31.6724
-0.91759,53.0048
-0.91759,63.5014
-0.91759,53.7368
0.043743,57.2982
0.043743,71.4928
0.043743,76.8786
0.043743,113.042
0.043743,34.736
0.043743,114.686
0.043743,60.0923
0.043743,54.4053
0.043743,69.457
0.043743,78.3825
0.043743,36.8769
0.043743,46.5374
0.043743,123.674
0.043743,43.1388
0.043743,238.619
0.043743,60.6102
0.043743,63.6544
0.043743,107.541
0.043743,96.3564
0.043743,26.1394
0.043743,93.0111
0.043743,139.543
0.043743,33.5482
0.043743,73.1138
0.043743,50.7322
0.043743,30.8788
0.043743,16.8529
0.043743,140.98
0.043743,58.7699
0.043743,120.016
0.043743,47.1138
0.043743,67.5748
0.043743,84.0568
0.043743,71.479
0.043743,31.6516
0.043743,39.0847
0.043743,33.1343
0.043743,10.8627
0.043743,20.8912
0.043743,4.53125
0.043743,63.5199
0.043743,28.0359
0.043743,84.5814
0.043743,49.6508
0.043743,28.4132
0.043743,69.9562
0.043743,74.0572
0.043743,71.1458
0.043743,214.797
0.043743,152.43
0.043743,69.3946
0.043743,176.736
0.043743,55.4191
0.043743,41.0574
0.043743,28.1167
0.043743,63.6746
0.043743,146.736
0.043743,71.2398
0.043743,104.603
0.043743,94.192
0.043743,68.1922
0.043743,79.8821
0.043743,88.0871
0.043743,4
0.043743,31.1322
0.043743,163.16
0.043743,57.3286
0.043743,62.7025
0.043743,88.1962
0.043743,126.928
0.043743,31.1818
0.043743,76.3813
0.043743,119.824
0.043743,40.5253
0.043743,101.561
0.043743,42.1019
0.043743,17.2833
0.043743,47.8062
0.043743,84.4787
0.043743,50.9823
0.043743,47.2244
0.043743,33.0539
0.043743,133.011
0.02901,70.2556
0.02901,53.211
0.02901,42.0732
0.02901,72.0482
0.02901,21.1576
0.02901,35.04
0.02901,126.119
0.02901,62.186
0.02901,58.9787
0.02901,101.036
0.02901,106.586
0.02901,9.26519
0.02901,118.498
0.02901,216.238
0.02901,15.5301
0.02901,112.262
0.02901,147.121
0.02901,29.073
0.02901,57.7381
0.02901,57.7136
0.02901,33.7742
0.02901,72.417
0.02901,65.7873
0.02901,30.2403
0.02901,33.3993
0.5022834,97.6603
0.5022834,123.718
0.5022834,104.621
0.5022834,58.8828
0.5022834,124.697
0.5022834,57.6903
0.5022834,41.175
0.5022834,31.9951
0.5022834,21.0684
0.5022834,34.3671
0.5022834,96.5311
0.5022834,112.385
0.5022834,69.7613
0.5022834,90.6244
0.5022834,228.993
0.5022834,46.2229
0.5022834,59.6417
0.5022834,67.9662
0.5022834,120.528
0.5022834,116.173
0.5022834,174
0.966002,153.014
0.966002,173.092
0.966002,75.978
0.966002,107.5
0.966002,35.1979
0.966002,166.727
0.966002,130.728
0.966002,111.302
0.966002,125.615
0.966002,85.1346
0.966002,66.5955
2.42209,417.25
2.42209,299.736
0.90458,114.912
0.90458,84.2417
0.90458,92.1226
0.90458,60.6742
0.90458,50.8341
0.90458,233.54
0.90458,101.933
0.90458,127.897
0.90458,100.207
0.90458,80.4332
0.90458,70.9841
0.90458,242.583
0.90458,57.3553
0.388279,55.4724
0.388279,7.55602
0.388279,199.366
0.388279,52.3964
0.388279,55.0408
0.388279,25.8079
0.388279,50.4425
0.388279,110.595
-0.91965,61.6398
-0.91965,20.7637
0.4208313,90.1639
0.4208313,119.029
0.4208313,60.5229
0.4208313,32.3307
0.4208313,230.721
0.4208313,143.689
0.4208313,216.066
0.4208313,20.0884
0.4208313,269.792
0.4208313,42.299
0.4208313,35.6402
0.4208313,124.732
0.4208313,77.3822
0.4208313,37.975
0.4208313,19.9317
0.4208313,43.3744
0.4208313,190.556
0.4208313,107.971
0.4208313,68.6018
0.4208313,71.1505
0.4208313,22.2048
0.4208313,119.086
0.4208313,72.2989
0.4208313,206.657
0.4208313,13.9286
0.4208313,96.9093
0.4208313,108.414
0.4208313,102.29
0.4208313,75.0848
0.4208313,71.6451
0.4208313,79.4568
0.4208313,23.42
0.4208313,64.5804
0.4208313,99.3204
0.4208313,359.732
0.4208313,77.3746
0.4208313,218.886
0.4208313,161.097
0.4208313,54.9851
0.4208313,83.2303
0.4208313,81.6143
0.4208313,263.183
0.4208313,58.5953
0.4208313,158.364
0.4208313,54.0824
0.4208313,79.801
0.4208313,22.2074
0.4208313,68.106
0.4208313,153.384
0.4208313,22.3125
0.4208313,38.2211
0.4208313,143.336
0.4208313,150.668
0.4208313,114.252
0.4208313,195.149
0.4208313,102.25
0.4208313,118.207
0.4208313,142.038
0.4208313,46.3858
0.4208313,45.6746
0.4208313,29.4059
0.4208313,44.6614
0.4208313,88.3066
0.4208313,256.343
0.4208313,109.765
0.4208313,232.467
0.4208313,51.7064
0.4208313,39.9939
0.4208313,59.5914
0.4208313,58.6148
0.4208313,126.724
0.4208313,65.3553
0.4208313,343.809
0.4208313,98.1947
0.4208313,167.855
0.4208313,149.179
0.4208313,87.3667
0.4208313,101.52
0.4208313,194.444
0.4208313,103.846
0.4208313,60.1884
0.4208313,12.6557
0.4208313,177.365
0.4208313,105.542
0.4208313,107.258
0.4208313,261.072
0.4208313,171.296
0.4208313,335.947
0.4208313,76.4841
0.4208313,57.3741
0.4208313,15.7805
0.4208313,184.37
0.4208313,21.6211
0.4208313,25.8373
0.4208313,40.4786
0.4208313,320.307
0.4208313,198.775
0.4208313,122.041
0.4208313,37.1111
0.4208313,170.267
0.4208313,135.057
0.4208313,10.8382
0.4208313,34.6418
0.4208313,45.8606
0.4208313,138.57
0.4208313,66.5625
0.4208313,49.699
0.4208313,60.7615
0.4208313,172.566
0.4208313,180.521
0.4208313,41.3346
0.4208313,69.3537
0.4208313,154.759
0.4208313,79.3791
0.4208313,26.6398
0.4208313,59.7662
0.4208313,34.8274
0.4208313,96.4101
0.4208313,288.088
0.4208313,79.771
0.4208313,118.306
0.4208313,200.11
0.4208313,70.785
0.4208313,149.545
0.4208313,169.408
0.4208313,129.609
0.4208313,56.6573
0.4208313,61.7736
0.4208313,126.081
0.4208313,180.451
0.4208313,49.5739
0.4208313,157.429
0.4208313,60
0.4208313,158.098
0.4208313,92.2786
0.4208313,101.823
0.4208313,46.5022
0.4208313,100.547
0.4208313,110.88
0.4208313,97.0189
0.4208313,337.24
0.4208313,63.7764
0.4208313,97.7906
0.4208313,32.4606
0.4208313,74.5414
0.4208313,152.09
0.4208313,107.304
0.4208313,56.4821
0.4208313,18.3147
0.4208313,9.10744
0.4208313,232.738
0.4208313,104.506
0.4208313,92.6859
0.4208313,26.5816
0.4208313,30.1719
0.4208313,84.193
0.4208313,119.878
0.4208313,139.565
0.4208313,259.924
0.4208313,99.2735
0.4208313,121
0.4208313,40.5575
0.4208313,58.3063
0.4208313,48.5468
0.4208313,25.1725
0.4208313,70.519
0.4208313,83.2639
0.4208313,124.447
0.4208313,54.0528
0.4208313,171.199
0.4208313,179.21
0.4208313,41.2394
0.4208313,173.802
0.4208313,51.2022
0.4208313,87.6629
0.4208313,91.587
0.4208313,44.0583
0.4208313,58.6307
0.4208313,310.402
0.4208313,214.1
0.4208313,30.5979
0.4208313,66.4854
0.4208313,117.694
0.4208313,188.601
0.4208313,25.9814
0.4208313,106.614
0.4208313,145.947
0.4208313,45.9003
0.4208313,160.477
0.4208313,82.0028
0.4208313,192.462
0.4208313,52.9962
0.4208313,73.6453
0.4208313,81.6475
0.4208313,190.594
0.4208313,106.714
0.4208313,102.878
0.4208313,98.5092
0.4208313,95.5537
0.4208313,114.524
0.4208313,119.552
0.4208313,73.79
0.4208313,65.1152
0.4208313,119.015
0.4208313,320.106
0.4208313,32.2093
0.210038,58.3486
0.210038,102.504
0.210038,196.773
0.210038,54.0815
0.210038,156.139
0.210038,168.7
0.210038,53.1419
0.210038,110.315
0.210038,88.3162
0.210038,127.474
0.210038,61.8441
0.210038,113.985
0.210038,202.709
0.210038,44.3426
0.210038,207.777
0.210038,55.3811
0.210038,110.854
0.210038,256.956
0.210038,43.1051
0.210038,69.1853
0.210038,78.142
0.210038,125.376
0.210038,68.2193
0.210038,118.845
0.210038,50.8732
0.210038,142.982
0.210038,27.4286
0.210038,87.6505
0.210038,7.8172
0.210038,222.057
-1.30845,37.9297
-1.30845,34.4505
-1.30845,45.4106
-1.30845,20.6154
-1.30845,47.7127
-1.30845,16.7984
-1.30845,23.0118
-1.30845,4.76364
-1.30845,54.0164
-1.30845,15.6944
-1.30845,80.9574
-1.30845,9.9
-1.30845,81.0483
-1.30845,29.2629
-1.30845,60.3558
-1.30845,85.4
0.902582,88.9589
0.902582,305.746
0.902582,426.041
0.902582,91.1385
0.902582,227.271
0.902582,77.6244
0.902582,143.615
0.902582,260.492
0.902582,20.4861
0.902582,131
0.902582,78.9738
0.902582,161.347
0.902582,155.127
0.902582,374.94
-1.53345,6.14583
0.20737,74.3038
0.20737,119.25
0.20737,159.033
0.20737,88.8694
0.20737,89.2213
0.20737,87.7993
0.20737,33.039
0.20737,119.361
0.20737,85.5167
0.20737,37.4886
-13.9866,0
0.4419474,109.518
0.4419474,73.0534
0.4419474,213.051
0.4419474,48.6585
0.4419474,33.1845
0.4419474,112.103
0.4419474,34.6442
0.4419474,205.128
0.4419474,111.312
0.4419474,91.253
0.4419474,113.665
0.4419474,86.1007
0.4419474,44.8061
0.4419474,123.171
0.4419474,86.1361
0.4419474,205.585
0.4419474,36.6359
0.047659,26.3188
-0.86704,9.1592
-0.86704,45.2597
-0.86704,55.7012
-0.86704,35.983
-0.86704,41.1379
-0.86704,47.8133
-0.86704,48.3602
-0.86704,90.1653
-0.86704,99.3518
-0.044568,59.0362
-0.044568,82.3214
-0.044568,38.3009
-0.044568,182.087
-0.044568,43.7909
-0.044568,47.7473
-0.044568,100.462
-0.044568,1.59735
-0.044568,19.3333
-0.044568,38.1911
-0.044568,81.9752
-0.044568,104.702
-0.044568,53.3394
-0.044568,141.41
-0.044568,120.556
-0.044568,39.075
-0.044568,39.4755
-0.044568,53.3871
1.249486,188.356
-0.026367,20.2188
-0.026367,117.031
-0.026367,52.9963
-0.026367,15.75
-0.026367,120.372
-0.026367,29.3815
-0.026367,70.3544
-0.026367,72.1689
-0.026367,57.2648
-0.026367,59.6312
-0.026367,37.5216
-0.026367,57.4038
-0.026367,38.9683
-0.026367,106.858
-0.026367,42.4271
-0.026367,85.6927
-0.026367,25.0856
-0.026367,38.4864
-0.026367,77.1746
-0.026367,32.9126
-0.026367,67.525
1.242667,134.421
1.242667,187.783
-0.342794,124.742
1.78883,402.621
-0.061075,17.2583
-0.061075,104.017
-0.061075,14.8833
-0.061075,153.798
-0.061075,50.184
-0.061075,66.0515
-0.061075,143.408
-0.061075,38.8813
-0.061075,136.471
-0.061075,35.0727
-0.061075,13.4375
-0.061075,35.8582
-0.061075,189.024
-0.061075,21.1674
-0.061075,63.828
-0.061075,206.141
-0.061075,59.4375
-0.061075,127.319
-0.061075,67.0146
-0.061075,16.7755
-0.061075,34.7946
-0.061075,66.4524
-0.061075,24.9234
-0.061075,94.7227
-0.061075,96.7806
-0.061075,43.4487
-0.061075,21.5793
-0.061075,40.2208
-0.061075,60.0889
-0.061075,55.2083
-0.061075,44.6186
-0.061075,24.5134
-0.061075,50.0456
-0.061075,41.4035
-0.061075,86.46
-0.061075,56.1621
-0.061075,26.7707
-0.061075,51.9304
-0.061075,19.477
-0.061075,45.5543
-0.061075,5.9011
-0.061075,16.9799
-0.061075,147.387
-0.061075,24.3094
-0.061075,25.578
-0.061075,30.2
-0.061075,27.232
-0.061075,163.593
-0.061075,168.447
-0.061075,25.0472
-0.061075,95.1
-0.061075,90.9333
-0.061075,128.475
-0.061075,136.832
-0.061075,181.703
-0.061075,45.3017
-0.061075,155.815
-0.061075,21.5714
-0.061075,96.5824
-0.061075,124.022
-0.061075,24.3994
-0.061075,33.5759
-0.061075,49.1106
-0.061075,13.8466
-0.061075,43.3267
-0.061075,50.632
-0.061075,48.924
-0.061075,38.4309
-0.061075,39.5805
-0.061075,33.7595
-0.061075,66.3118
-0.061075,60.7118
-0.061075,93.3755
-0.061075,10.5381
-0.061075,55.2941
-0.061075,30.8795
-0.061075,23.6044
-0.061075,72.5512
-0.061075,142.48
-0.061075,46.7338
-0.061075,13.7135
-0.061075,26.1839
-0.061075,30.0625
-0.061075,39.6634
-0.061075,155.788
-0.061075,26.3351
-0.061075,276.163
-0.061075,45.0342
-0.061075,119.084
-0.061075,10.568
-0.061075,64.5763
-0.061075,74.9709
-0.061075,104.907
-0.061075,110.527
-0.061075,72.7705
-0.061075,74.4467
-0.061075,33.9323
-0.061075,165.546
-0.061075,47.0854
-0.061075,97.6419
-0.061075,65.145
-0.061075,122.454
-0.061075,37.712
-0.061075,23.8833
-0.061075,28.6372
-0.061075,30.3167
-0.061075,45.3986
-0.061075,36.3109
-0.061075,91.7821
-0.061075,190.779
-0.061075,139.488
-0.061075,36.4278
-0.061075,46.4417
-0.061075,74.9529
-0.061075,140.745
-0.061075,81.0164
-0.061075,29.9553
-0.061075,54.7134
-0.061075,83.157
-0.061075,41.5228
-0.061075,31.7033
-0.061075,56.0119
-0.061075,49.0129
-0.061075,118.654
-0.061075,25.5
-0.061075,143.351
-0.061075,111.988
-0.061075,74.7811
-0.061075,10.5637
-0.061075,66.8953
-0.061075,139.105
-0.061075,80.7289
-0.061075,29.5039
-0.061075,77.9243
-0.061075,37.3871
-0.061075,15.6667
-0.061075,6.80905
-0.061075,59.2312
-19.9302,0
0.4362734,61.0262
0.4851267,243.065
0.4851267,24.7333
0.4851267,111.011
0.4851267,21.5083
0.4851267,299.055
0.4851267,52.0385
0.4851267,64.3989
0.4851267,108.092
0.4851267,402.746
0.4851267,8.88636
0.4851267,51.7039
0.4851267,96.2708
0.4851267,220.56
0.4851267,79.6269
0.4851267,236.905
0.4851267,136.625
0.4851267,293.463
0.4851267,85.3939
0.4851267,281.176
0.4851267,76.9224
0.4851267,15.3
0.4851267,103.009
0.4851267,51.5833
0.4851267,172.193
0.4851267,98.0383
0.4851267,45.9044
0.4851267,260.665
0.4851267,108.469
0.4851267,34.8178
0.4851267,68.003
0.4851267,69.3042
0.4851267,89.675
0.4851267,117.623
0.4851267,197.773
0.4851267,190.534
0.4851267,101.583
0.4851267,58.5901
0.4851267,180.143
0.4851267,48.3196
0.4851267,157.117
0.4851267,43.2232
0.4851267,48.5084
0.4851267,45.1182
0.4851267,102.871
0.4851267,38.4338
0.4851267,41.4235
0.4851267,277.383
0.4851267,37.2978
0.4851267,88.4402
0.4851267,137.319
0.4851267,71.2717
0.4851267,339.568
0.4851267,51.0651
0.4851267,67.836
0.4851267,20.4618
0.4851267,120.3
0.4851267,75.4551
0.4851267,103.447
0.4851267,52.3577
0.4851267,88.1129
2.76344,248.694
0.4147481,234.919
1.64159,213.599
1.64159,216.243
1.64159,198.136
1.64159,189.131
1.64159,80.004
1.64159,644.03
1.64159,176.529
1.64159,262.859
1.64159,248.826
1.64159,51.1134
1.64159,67.7163
1.38089,131.906
1.38089,197.382
1.38089,131.716
1.38089,82.0882
1.38089,191.611
1.38089,120.644
1.38089,256.958
1.38089,32.7438
1.38089,144.911
1.38089,244.526
1.38089,333.538
1.38089,456.506
1.38089,264.502
1.38089,321.676
1.38089,106.249
1.38089,63.4802
1.38089,145.186
1.38089,316.341
1.38089,295.271
1.38089,361.229
1.38089,173.017
1.38089,366.956
1.57764,313.338
1.57764,664.585
1.57764,772.911
1.57764,196.494
1.57764,209.24
1.57764,206.171
1.57764,288.778
1.57764,95.3045
1.57764,101.202
1.57764,104.138
1.57764,64.2917
1.57764,72.3083
1.57764,818.276
1.57764,435.462
1.57764,149.287
1.57764,258.125
1.57764,100.29
1.57764,242.7
1.57764,200.305
1.57764,157.78
1.57764,263.618
1.57764,334.862
1.57764,154.952
1.57764,156.972
1.57764,160.129
1.57764,254.781
1.57764,368.865
1.57764,93.88
1.57764,32.375
1.57764,51.195
1.57764,48.6167
1.57764,210.492
1.57764,90.5758
1.57764,162.038
1.57764,111.242
1.57764,188.955
1.57764,174.306
1.57764,210.374
0.085066,69.0249
0.085066,137.831
0.085066,147.452
0.085066,158.973
0.085066,213.97
0.085066,44.6099
0.085066,23.363
0.085066,191.336
0.085066,59.8238
0.085066,122.9
0.085066,88.1288
0.085066,70.0795
0.085066,107.421
0.085066,26.9668
0.085066,64.5533
0.085066,93.8264
0.085066,30.7233
0.085066,145.41
0.085066,71.6724
0.085066,55.0084
0.085066,145.332
0.085066,29.85
0.085066,86.417
0.085066,28.7642
0.085066,157.333
0.085066,194.44
0.085066,45.3167
0.085066,101.732
0.085066,24.9008
0.085066,24.3333
0.085066,94.7737
0.085066,88.6373
0.085066,26.9961
0.085066,17.8955
0.085066,65.9971
0.085066,120.968
0.085066,101.437
0.085066,127.9
0.085066,16.3712
0.085066,34.361
0.085066,32.6184
0.085066,88.291
0.085066,24.1355
0.085066,104.771
0.085066,44.3839
0.085066,23.92
0.085066,85.9468
0.085066,21.1765
0.085066,80.2595
0.085066,62.5643
0.085066,40.5095
0.085066,30.6571
0.085066,38.377
0.085066,98.7027
0.085066,30.985
0.085066,58.8693
0.085066,31.3435
0.085066,84.2302
0.085066,13.6082
0.085066,25.0833
0.085066,89.592
0.085066,94.9243
0.085066,27.3401
0.085066,34.9417
0.085066,76.1455
0.085066,118.314
0.085066,107.295
0.085066,37.439
0.085066,85.6231
0.085066,20.4762
0.085066,80.321
0.085066,124.24
0.085066,25.1143
0.085066,167.684
0.085066,79.464
0.085066,81.6635
0.085066,218.119
0.085066,104.586
0.085066,128.13
0.085066,27.6048
0.085066,67.2083
0.085066,129.976
0.085066,252.141
0.085066,44.5842
0.085066,132.578
0.654959,102.75
0.654959,81.7167
0.654959,402.806
0.654959,199.897
0.654959,92.2944
0.654959,23.8833
0.654959,79.8533
0.654959,163.609
0.654959,171.514
0.229015,35.1622
0.229015,168.643
0.229015,32.2545
0.229015,140.438
0.229015,24.6544
0.229015,120.652
0.229015,41.4097
0.229015,73.1808
0.229015,215.085
0.229015,114.149
0.229015,24.6886
0.229015,130.294
0.229015,121.413
-0.018256,47.4552
-0.018256,65.047
-0.018256,76.196
-0.018256,35.8833
-0.018256,13.3509
-0.018256,100.446
-0.018256,67.2874
-0.018256,62.0725
-0.018256,81.3333
-0.018256,31.9905
1.126578,84.16
1.126578,135.12
0.051178,132.383
0.051178,17.1448
0.051178,88.5354
0.051178,74.5024
0.051178,117.194
0.051178,35.0112
0.051178,66.3675
0.051178,21.6213
0.051178,36.8583
0.051178,40.3843
0.051178,65.9296
0.051178,9.38333
0.051178,55.4632
0.051178,168.018
0.051178,20.9177
0.051178,54.6651
0.051178,91.9765
0.051178,204.559
-1.35591,21.1181
0.02634,68.12
0.02634,127.755
0.02634,49.8037
0.02634,61.2599
0.02634,13.1833
0.02634,95.5635
0.02634,52.6491
0.02634,37.0117
0.02634,49.4541
0.02634,76.7451
0.02634,70.8339
0.02634,123.944
0.02634,10.0667
0.02634,55.8836
-0.73553,28.6464
-0.73553,32.0102
0.081289,122.929
0.081289,79.7701
0.081289,38
0.081289,47.6381
0.081289,63.4968
0.081289,37.0583
0.081289,33.0761
0.081289,59.7013
0.081289,89.8499
0.081289,63.1455
0.081289,148.479
0.081289,100.73
0.081289,63.3561
0.081289,210.793
0.081289,35.1029
0.081289,142.444
0.081289,98.3465
0.081289,29.7461
0.081289,270.458
0.081289,77.1094
0.081289,77.1893
0.081289,105.317
0.081289,60.9536
0.081289,174.635
0.081289,11.0792
0.081289,93.0374
0.081289,71.2289
0.081289,85.9884
0.076735,26.2727
0.930383,177.597
-0.033584,26.9091
-0.033584,120.541
-0.033584,22.7415
-0.033584,241.149
-0.033584,19.8904
-0.033584,278.293
-0.033584,63.4516
-0.033584,20.3489
-0.033584,25.85
-0.033584,39.0704
-0.033584,66.8462
-0.033584,6.63636
-0.033584,71.7941
-0.033584,55.6966
-0.033584,131.011
-0.033584,238.216
-0.033584,148.308
-0.033584,66.5522
-0.033584,226.285
-0.033584,123.203
-0.033584,6.80567
-0.033584,199.095
-0.033584,76.3118
-0.033584,36.0333
-0.033584,66.9419
-0.033584,100.019
-0.033584,40.3512
-0.033584,60.6825
-0.033584,3.35897
-0.033584,113.785
-0.033584,19
-0.033584,99.6489
-0.033584,132.017
-0.033584,34.8915
-0.033584,65
-0.033584,46.407
-0.033584,113.041
-0.033584,49.9659
-0.033584,88.8459
-0.033584,18.3617
-0.033584,29.5658
-0.033584,33
-0.033584,76.988
-0.033584,18.5656
-0.033584,84.2906
-0.033584,38.7659
-0.033584,19.281
-0.033584,20
-0.033584,22.8282
-0.033584,28.2647
-0.033584,168.847
-0.033584,94.2273
-0.033584,19.9459
-0.033584,50.5723
-0.033584,26.2537
-0.033584,62
-0.033584,82.9527
-0.033584,43.3886
-0.033584,61.746
-0.033584,51.1453
-0.033584,34.2577
-0.033584,77.6853
-0.033584,122.082
-0.033584,10.7363
-0.033584,35.5952
-0.033584,24.1622
-0.033584,55.8451
-0.033584,113.274
-0.033584,19.7379
-0.033584,112.149
-0.033584,87.3908
-0.033584,182.275
-0.033584,114.239
-0.033584,54.8228
-0.033584,13.9667
-0.033584,97.3618
-0.033584,37.2709
-0.033584,171.073
-0.033584,116.468
-0.033584,95.9267
-0.033584,53.8517
-0.033584,132.933
-0.033584,127.375
-0.033584,201.841
-0.033584,98.8171
-0.033584,46.7738
-0.033584,32.3753
-0.033584,28.3976
-0.033584,21.6185
-0.033584,29.4583
-0.033584,130.605
-0.033584,82.1244
-0.033584,40.0496
-0.033584,37.3315
-0.033584,35.7379
-0.033584,47.7665
-0.033584,16.4648
-0.033584,45.2543
-0.033584,34.8869
-0.033584,32.7851
-0.033584,94.5244
-0.033584,69.9079
-0.033584,96.875
-0.033584,44.033
-0.033584,93.5207
-0.033584,32.311
-0.033584,77.6139
-0.033584,22.4432
-0.033584,41.4603
-0.033584,42.288
-0.033584,76.4647
-0.033584,36.8059
-0.033584,80.3488
-0.033584,65.5
-0.033584,41.6008
-0.033584,37.5699
-0.033584,22.2864
-0.033584,27.1095
-0.033584,146.248
-0.033584,20.2989
-0.033584,109.511
-0.033584,48.675
-0.033584,133.88
-0.033584,32.3475
-0.033584,119.74
-0.033584,99.5922
-0.033584,32.4597
-0.029831,101.173
-0.029831,29.7937
-0.029831,29.3216
-0.029831,140.639
-0.029831,30.119
-0.029831,137.84
-0.029831,25.3477
-0.029831,36.6686
-0.029831,35.5182
-0.029831,91.6215
-0.029831,74.625
-0.029831,48.6321
-0.029831,11.4173
-0.029831,133.056
-0.029831,18.9333
-0.029831,138.647
-0.029831,25.3435
-0.029831,103.716
-0.029831,35.2417
-0.029831,193.266
-0.029831,35.4747
-0.029831,100.279
-0.029831,43.425
-0.029831,31.2114
-0.029831,62.1231
-0.029831,48.6942
-0.029831,50.3827
-0.029831,223.697
-0.029831,67.5897
-0.029831,83.0591
-0.029831,47.6628
-0.029831,5.1879
-0.029831,179.089
-0.029831,55.9467
-0.029831,23.2583
-0.029831,87.6281
-0.029831,59.1705
-0.029831,38.772
-0.029831,39.9654
-0.029831,110.052
-0.029831,38.8754
-0.029831,8.12438
-0.029831,75.5728
-0.029831,61.6043
-0.029831,89.375
-0.029831,26.1744
-0.029831,146.855
-0.029831,18.1609
-0.029831,73.0973
-0.029831,27.2589
-0.029831,32.3397
-0.029831,15.8203
-0.029831,82.9667
-0.029831,110.408
-0.029831,50.1018
-0.029831,241.138
-0.029831,52.3628
-0.029831,53.4216
-0.029831,174.285
-0.029831,167.527
-0.029831,76.554
-0.029831,76.9788
-0.029831,34.6533
-0.029831,73.9512
-0.029831,74.0278
-0.029831,86.2997
-0.029831,184.924
-0.029831,40.7698
-0.029831,93.1021
-0.029831,45.0938
-0.029831,90.776
0.737069,181.409
0.737069,102.72
0.737069,59.1462
0.737069,216.022
0.737069,383.379
0.737069,80.2297
0.737069,142.836
0.737069,132.119
0.737069,427.529
0.737069,99.78
0.737069,150.511
0.737069,66.0138
0.737069,70.3846
0.737069,40.651
0.737069,50.6381
2.09989,251.581
0.717332,201.996
0.717332,114.504
0.717332,249.496
0.717332,97.3306
0.717332,15.5588
0.717332,135.161
0.717332,110.425
0.717332,130.86
0.717332,94.8235
-0.000719,124.296
-0.000719,43.8819
-0.000719,34.087
-0.000719,48.8784
-0.000719,28.2195
-0.000719,116.769
-0.000719,49.1322
-0.000719,18.3774
-0.000719,38.6228
-0.000719,49.545
-0.000719,64.005
-0.000719,78.832
-0.000719,62.6134
-0.000719,6.08173
-0.000719,39.9848
-0.000719,28.3624
-0.000719,36.0433
-0.000719,74.6985
-0.000719,49.242
-0.000719,56.9905
-0.000719,27.6618
-0.000719,30.1841
-0.000719,47.3824
-0.000719,56.4894
-0.000719,46.7679
-0.000719,181.805
-0.000719,23.2778
-0.000719,75.7435
-0.000719,24.0879
-0.000719,36.8353
-0.000719,49.82
-0.000719,34.9633
-0.000719,24.3605
-0.000719,63.0136
-0.000719,60.969
-0.000719,80.6877
-0.000719,38.6875
-0.000719,56.2118
-0.000719,40.8159
-0.000719,49.3854
-0.000719,26.5951
-0.000719,11.0727
-0.000719,23.0894
-0.000719,97.4555
-0.000719,54.4881
-0.000719,75.9096
-0.000719,84.6333
-0.000719,60.0842
-0.000719,59.2275
-0.000719,35.193
-0.000719,34.0097
-0.000719,10.3649
-0.000719,103.038
-0.000719,77.9113
-0.000719,46.1755
-0.000719,43.803
-0.000719,36.2179
-0.000719,180.056
-0.000719,50.627
-0.000719,49.7116
-0.000719,92.6048
-0.000719,94.1661
-0.000719,70.6948
-0.000719,12.2146
-0.000719,27.4203
-0.000719,30.4269
-0.000719,16.8044
-0.000719,77.9252
-0.000719,117.72
-0.000719,18.3266
-0.000719,77.8938
-0.000719,82.0226
-0.000719,47.75
-0.000719,98.4008
-0.000719,14.5023
-0.000719,28.0993
-0.000719,11.9783
-0.000719,217.103
-0.000719,52.3473
-0.000719,23.0068
-0.000719,105.936
-0.000719,146.275
-0.000719,57.8218
-0.000719,164.525
-0.000719,117.158
-0.000719,133.652
-0.000719,75.1331
-0.000719,90.8109
-0.000719,32.7477
-0.000719,136.119
-0.000719,156.138
-0.000719,97.5663
-0.000719,111.711
-0.000719,105.528
-0.000719,59.5695
-0.000719,207.948
-0.000719,106.673
-0.000719,71.0686
-0.000719,90.0453
-0.000719,86.0544
-0.000719,39.2488
-0.000719,157.442
-0.000719,56.5214
-0.000719,78.0512
-0.000719,53.3307
-0.000719,135.409
-0.000719,128.747
-0.000719,71.1329
-0.000719,27.4079
-0.000719,39.162
-0.000719,98.6366
-0.000719,110.381
-0.000719,92.9751
-0.000719,49.3553
-0.000719,57.8849
-21.2625,0
-21.2625,0
-21.2625,0.336022
0.00211,90.9293
-21.0193,0
-21.0193,0
-0.059275,48.9853
1.069172,238.116
-0.073569,47.2372
-0.073569,47.9949
-0.073569,59.6805
-0.073569,136.95
-0.073569,92.725
-0.073569,14.5619
-0.073569,57.9276
-0.073569,42.85
-0.073569,18.2583
-0.073569,44.7254
-0.073569,116.242
-0.073569,25.156
-0.073569,47.6481
-0.073569,66.572
-0.073569,11.5243
-0.073569,41.5106
-0.073569,37.1433
-0.073569,58.5543
-0.073569,26.4693
-0.073569,28.3143
-0.073569,55.7519
-0.073569,54.3257
-0.073569,16.427
-0.073569,20.6412
-0.073569,33.1709
-0.073569,54.6908
-0.073569,89.2626
-0.073569,98.5872
-0.073569,55.9076
-0.073569,46.9506
-0.073569,30.4393
-0.073569,30.5132
-0.073569,96.1153
-0.073569,57.8324
-0.073569,250.471
-0.073569,54.3449
-0.073569,48.3071
-0.073569,38.9019
-0.073569,84.443
-0.073569,42.373
-0.073569,122.576
-0.073569,52.828
-0.073569,58.0537
-0.073569,24.7313
-0.073569,31.9091
-0.073569,59.7588
-0.073569,41.7708
-0.073569,75.0776
-0.073569,81.043
-0.073569,132.692
-0.073569,8.24615
-0.073569,32.2321
-0.073569,82.2292
-0.073569,21.281
-0.073569,68.6916
-0.073569,35.7907
-0.073569,19.4123
-0.073569,68.8983
-0.073569,42.9188
-0.073569,116.974
-0.073569,64.9226
-0.073569,67.1351
-0.073569,82.6982
-0.073569,45.2083
-0.073569,48.5843
-0.073569,87.4772
-0.073569,35.5986
-0.073569,111.504
-0.073569,114.216
-0.073569,39.5057
-0.073569,104.425
-0.073569,61.4611
-0.073569,24.3041
-0.073569,27.5699
-0.073569,17.4167
-0.073569,30.5672
-0.073569,115.22
-0.073569,19.9459
-0.073569,40.0146
-0.073569,67.5327
-0.073569,33.2761
-0.073569,90.249
-0.073569,176.024
-0.073569,62.9714
-0.073569,120.528
-0.073569,28.7003
-0.073569,207.062
-0.073569,56.9675
-0.073569,142.839
-0.073569,171.848
-0.073569,164.119
-0.073569,87.2394
-0.073569,212.979
-0.073569,34.369
-0.073569,67.5833
-0.073569,110.035
-0.073569,15
-0.073569,82.4525
-0.073569,87.4191
-0.073569,87.6564
-0.073569,46.1094
-0.073569,72.8594
-0.073569,47.3029
-0.073569,23.3084
-0.073569,91.1207
-0.073569,28.788
-0.073569,32.4417
-0.073569,82.6311
-0.073569,40.0462
-0.073569,41.5692
-0.073569,33.2231
-0.073569,79.0195
-0.073569,255.575
-0.073569,177.579
-0.073569,55.996
-0.073569,23.3543
-0.073569,134.459
-0.073569,132.139
-0.073569,41.2205
0.5557752,159.525
0.63337,149.292
0.63337,229.829
0.63337,92.3167
0.63337,176.752
0.63337,226.81
0.63337,275.802
0.63337,129.592
0.63337,53.6543
-0.061379,59.4481
-0.061379,10.5376
-0.061379,49.2396
-0.061379,121.049
-0.061379,70.0249
-0.061379,43.0283
-0.061379,76.6169
-0.061379,71.0762
-0.061379,87.428
-0.061379,18.5234
-0.061379,67.4192
-0.061379,70.6029
-0.061379,81.3265
-0.061379,57.8114
-0.061379,92.161
-0.061379,87.75
-0.061379,111.815
-0.061379,94.0714
-0.061379,84.4884
-0.061379,113.378
-0.061379,62.9752
-0.061379,128.449
-0.061379,61.6516
-0.061379,21.3511
-0.061379,63.928
-0.061379,7.66667
-0.061379,113.898
-0.061379,40.1406
-0.061379,87.6168
-0.061379,15.8329
-0.061379,137.547
-0.061379,105.377
-0.061379,44.9176
-0.061379,100.063
-0.061379,118.976
-0.061379,60.638
-0.061379,43.3346
-0.061379,233.225
-0.061379,112.592
-0.061379,43.6703
-0.061379,31.5451
-0.061379,113.45
-0.061379,114.735
-0.061379,40.5345
-0.061379,10.6837
-0.061379,37.7747
-0.061379,119.337
-0.061379,23.9021
-0.061379,22.895
-0.061379,56.5591
-0.061379,65.6294
-0.061379,49.1911
-0.061379,115.253
-0.061379,57.2669
-0.061379,63.4062
-0.061379,47.7455
-0.061379,74.7206
-0.061379,62.6744
-0.061379,38.3145
-0.061379,190.208
-0.061379,37.875
-0.061379,57.6935
-0.061379,110.464
-0.061379,209.355
-0.061379,42.0558
-0.061379,34.4279
-0.061379,201.662
-0.061379,51.4252
-0.061379,29.6257
-0.061379,93.7795
-0.061379,86.5152
-0.061379,68.0317
-0.061379,55.95
-0.061379,64.9919
-0.061379,109.915
-0.061379,174.961
-0.061379,114.576
-0.061379,51.1282
-0.061379,91.3938
-0.061379,152.971
-0.061379,45.3231
-0.061379,70.8984
-0.061379,20.1692
-0.061379,14.2677
-0.061379,27.1395
-0.061379,96.798
-0.061379,58.7089
-0.061379,45.9765
-0.061379,108.738
-0.061379,25.4065
-0.061379,55.4017
-0.061379,34.0399
-0.061379,19.2984
-0.061379,37.0051
-0.061379,111.659
-0.061379,75.658
-0.061379,128.878
-0.061379,18.4215
-0.061379,12.4961
-0.061379,24.8878
-0.061379,141.672
-0.061379,74.3012
-0.061379,124.801
-0.061379,147.299
-0.061379,108.607
-0.061379,178.655
-0.061379,145.615
-0.061379,38.8817
-0.061379,81.0907
-0.061379,38.7446
-0.061379,31.5043
-0.061379,92.8131
-0.061379,14.0812
-0.061379,90.9317
-0.061379,204.461
-0.061379,47.5317
-0.061379,72.8615
-0.061379,14.1815
-0.061379,29.5376
-0.061379,138.159
-0.061379,7.65873
-0.061379,88.3184
-0.061379,37.7698
-0.061379,14.5853
-0.061379,36.13
-0.061379,31.8254
-0.061379,22.7407
-0.061379,86.7945
-0.061379,62.0948
-0.061379,39.8914
-0.061379,19.9124
-0.061379,88.3386
-0.061379,93.8424
-0.061379,74.1667
-0.061379,143.123
-0.061379,40.9074
-0.061379,89.5175
-0.061379,42.5904
-0.061379,28.9917
-0.061379,78.2329
-0.061379,20.6522
-0.061379,65.4395
-0.061379,109.812
-0.061379,88.4095
-0.061379,82.2537
-0.061379,33.2902
-0.061379,104.833
-0.061379,150.15
-0.061379,100.855
-0.061379,108.767
-0.061379,17.6485
-0.061379,96.6537
-0.061379,83.253
-0.061379,15.5074
-0.061379,51.5787
-0.061379,54.0209
-0.061379,35.2109
-0.061379,71.7521
-0.061379,53.3589
-0.061379,288.2
-0.061379,82.1484
-0.061379,94.3918
-0.061379,39.153
-0.061379,60.5095
-0.061379,42.3125
-0.061379,113.63
-0.061379,155.496
-0.061379,37.8166
-0.061379,128.968
-0.061379,27.7588
-0.061379,39.3333
-0.061379,93.9754
-0.061379,21.3667
-0.061379,8.47934
-0.061379,47.9554
-0.061379,22.403
-0.061379,48.1736
-0.061379,99.3558
-0.061379,40.8113
-0.061379,52.5589
-0.061379,18.5611
-0.061379,41.3564
-0.061379,150.663
-0.061379,143.004
-0.061379,36.6593
-0.061379,13.1557
-0.061379,80.546
-0.061379,13.0963
-0.061379,34.0167
-0.061379,54.0592
-0.061379,47.5962
-0.061379,93.5913
-0.061379,60.7064
-0.061379,60.9953
-0.061379,82.7718
-0.061379,18.424
-0.061379,26.1699
-0.061379,49.3922
-0.061379,248.827
-0.061379,139.766
-0.061379,84.8539
-0.061379,182.388
-0.061379,40.2032
-0.061379,113.901
-0.061379,27.5273
-0.061379,65.7783
-0.061379,29.2107
-20.9426,0.954198
-20.9426,0
-20.2846,0
-22.561,0
-22.561,0
-0.076771,228.671
-0.076771,128.191
-0.076771,125.083
-0.076771,96.3029
-0.076771,92.2013
-0.076771,137.453
-0.076771,51.8636
-0.076771,77.9291
-0.076771,233.782
-0.076771,128.278
-0.076771,117.14
-0.076771,31.2727
-0.076771,67.2197
-0.076771,52.3081
-0.076771,185.512
-0.076771,25.7038
-0.076771,117.016
-0.076771,119.459
-0.076771,26.8276
-0.076771,33.1832
-0.076771,24.233
-0.076771,67.005
-0.076771,39.0229
-0.076771,116.414
-0.076771,58.9247
-0.076771,56.0433
-0.076771,103.992
-0.076771,10.5959
-0.076771,89.0845
-0.076771,60.0706
-0.076771,53.6269
-0.076771,28.5498
-0.076771,57.8955
-0.076771,57.1697
-0.076771,159.493
-0.076771,41.8566
-0.076771,93.9874
-0.076771,116.048
-0.076771,63.1239
-0.076771,137.005
-0.076771,202.824
-0.076771,48.6138
-0.076771,53.2488
-0.076771,112.596
-0.076771,215.186
-0.076771,114.665
-0.076771,58.3932
-0.076771,40.2135
-0.076771,38.4078
-0.076771,52.2692
-0.076771,31.8308
-0.076771,42.1705
-0.076771,56.7849
-0.076771,80.6917
-0.076771,131.517
-0.076771,65.0429
-0.076771,37.583
-0.076771,22.2708
-0.076771,172.481
-0.076771,51.4219
-0.076771,85.1027
-0.076771,51.8626
-0.076771,182.445
-0.076771,12.0909
-0.076771,119.895
-0.076771,58.875
-0.076771,100.723
-0.076771,120.989
-0.076771,171.554
-0.076771,117.383
-0.076771,79.2647
-0.076771,19.3667
-0.076771,79.0355
-0.076771,133.336
-0.076771,46.75
-0.076771,105.014
-0.076771,75.676
-0.076771,126.788
-0.076771,95.9658
-0.076771,49.1099
-0.076771,41.7249
-0.076771,84.0723
-0.076771,24.7912
-0.076771,63.0108
-0.076771,189.249
-0.076771,18.5054
-0.076771,72.3432
-0.076771,20.4764
-0.076771,24.2381
-0.076771,38.9565
-0.076771,85.6217
-0.076771,51.6643
-0.076771,31.365
-0.076771,25.7812
-0.076771,66.5833
-0.076771,24.5056
-0.076771,57.9778
-0.076771,9.62222
-0.076771,87.4167
-0.076771,101.825
-0.076771,35.1485
-0.076771,32.202
-0.076771,3.38333
-0.076771,68.8571
-0.076771,109.849
-0.076771,28.1388
-0.076771,67.0822
-0.076771,14.3366
2.52747,95.9083
2.52747,888.14
-0.037023,54.2543
-0.037023,72.4627
-0.037023,93.8629
-0.037023,113.269
-0.037023,69.9854
-0.037023,31.7362
-0.037023,78.0343
-0.037023,144.283
-0.037023,9.20796
-0.037023,79.4916
-0.037023,155.685
-0.037023,112.448
-0.037023,29.4237
-0.037023,40.6587
-0.037023,28.7374
-0.037023,125.629
-0.037023,98.7778
-0.037023,63.0762
0.734267,108.888
0.896718,265.951
0.896718,347.899
0.896718,265.866
0.896718,93.75
0.896718,84.8861
0.896718,701.304
0.896718,174.449
0.896718,62.8189
0.896718,189.467
0.896718,139.393
0.135075,183.909
0.135075,345.257
0.135075,154.754
0.135075,51.3969
0.135075,20.5041
0.135075,40.0627
0.135075,92.0762
0.135075,84.6684
0.135075,92.1597
0.135075,112.938
0.4788488,30.235
0.4788488,221.98
0.4788488,22.5355
0.4788488,122.397
0.4788488,87.9607
0.4788488,75.0143
0.4788488,67.9341
0.4788488,140.417
0.4788488,68.6716
0.4788488,75.8971
0.4788488,36.3004
0.4788488,51.3956
0.4788488,70.7843
0.4788488,85.6042
0.4788488,303.414
0.4788488,47.9588
0.4788488,112.558
0.4788488,80.5146
0.4788488,140.188
0.4788488,32.631
0.4788488,21.3918
0.4788488,112.74
0.4788488,122.133
0.4788488,93.7877
0.4788488,68.6061
0.4788488,49.4854
0.4788488,188.675
0.4788488,173.533
0.4788488,35.9821
0.4788488,44.1562
0.4788488,142.154
0.4788488,218.234
0.4788488,153.862
0.4788488,84.4487
0.4788488,157.698
0.4788488,149.865
0.4788488,216.196
0.4788488,92.475
0.4788488,189.38
0.4788488,196.262
0.4788488,150.791
0.4788488,44.1004
0.4788488,54.4667
0.4788488,73.5718
0.4788488,221.071
0.4788488,99.0667
0.4788488,157.877
0.4788488,52.134
0.4788488,97.5442
0.4788488,165.114
0.4788488,224.408
0.4788488,7.06612
0.4788488,48.4928
0.4788488,34.9029
0.4788488,122.521
0.4788488,114.154
0.4788488,62.2308
0.4788488,44.9317
0.4788488,116.047
0.4788488,124.21
0.4788488,141.423
0.4788488,137.759
0.4788488,157.265
0.4788488,32.9106
0.4788488,77.985
0.4788488,73.581
0.4788488,31.4917
0.4788488,22.5167
0.4788488,73.5593
0.4788488,37.1901
0.4788488,32.7157
0.4788488,47.8372
0.4788488,86.4643
0.4788488,79.9872
0.4788488,45.7538
0.4788488,149.942
0.4788488,230.157
0.4788488,125.975
0.4788488,247.444
0.4788488,52.5378
0.4788488,88.9778
0.4788488,156.805
0.4788488,111.213
0.4788488,37.2831
0.4788488,25.4161
0.4788488,40.0201
0.4788488,156.098
0.4788488,55.1083
0.4788488,93.7636
0.4788488,169.884
0.4788488,41.6595
0.4788488,64.4342
0.4788488,69.9906
0.4788488,25.5198
0.4788488,123.551
0.4788488,167.787
0.4788488,134.728
0.4788488,36.1868
0.4788488,59.8154
0.4788488,59.8911
0.4788488,95.2576
0.4788488,177.602
0.4788488,11.7206
0.4788488,82.384
0.4788488,67.2
0.4788488,134.751
0.4788488,68.3659
0.4788488,61.4139
0.4788488,52.6225
0.4788488,55.4554
0.4788488,71.8905
0.4788488,95.8689
0.4788488,75.2576
0.4788488,160.301
0.4788488,97.0796
0.4788488,12.4794
0.4788488,72.6643
0.4788488,138.519
0.4788488,87.972
0.4788488,99.8006
0.4788488,176.633
0.4788488,66.8475
0.4788488,71.9688
0.4788488,107.351
0.4788488,33.2162
0.4788488,115.886
0.4788488,61.5871
0.4788488,125.412
0.4788488,43.0412
0.4788488,75.2085
0.4788488,139.436
0.4788488,100.268
0.4788488,22.9907
0.4788488,79.1326
0.4788488,27.8085
0.4788488,338.558
0.4788488,50.3369
0.4788488,101.508
0.4788488,61.0942
0.4788488,28.6865
0.4788488,69.06
0.4788488,223.367
0.4788488,72.3466
0.4788488,77
0.4788488,52.5859
0.4788488,176.987
0.4788488,50.1883
0.4788488,172.063
0.4788488,26.1779
0.4788488,123.761
0.4788488,50.5761
0.4788488,35.8933
0.4788488,33.9568
0.4788488,10.7786
0.4788488,137.955
0.4788488,89.5109
0.4788488,344.805
0.4788488,107.519
0.4788488,34.9954
0.4788488,27.9658
0.4788488,102.183
0.4788488,97.736
0.4788488,20.8276
0.4788488,72.9076
0.4788488,35.4912
0.4788488,31.0247
0.4788488,207.386
0.4788488,71.059
0.4788488,70.1381
0.4788488,115.952
0.4788488,21.0041
0.4788488,94.2663
0.4788488,221.739
0.4788488,169.085
0.4788488,169.204
0.4788488,146.828
0.4788488,151.936
0.4788488,74.284
0.4788488,42.6316
0.4788488,52.0141
0.4788488,29.4103
0.4788488,65.4667
0.4788488,178.349
0.4788488,88.1195
0.4788488,48.6376
0.4788488,48.5143
0.4788488,105.616
0.4788488,232.611
0.4788488,63.6773
0.4788488,84.4877
0.4788488,175.706
0.4788488,11.8917
0.4788488,170
0.4788488,97.4176
0.4788488,170.981
0.4788488,67.8634
0.4788488,65.6259
0.4788488,48.9254
0.4788488,132.679
0.4788488,70.0826
0.4788488,69.64
0.4788488,52.1
0.4788488,42.5426
0.4788488,37.6601
0.4788488,201.479
0.4788488,82.9683
0.4788488,127.158
0.4788488,68.8027
0.4788488,68.8389
0.4788488,61.3184
0.4788488,86.0219
0.4788488,75.8583
0.4788488,186.653
0.4788488,208.728
0.4788488,273.025
0.4788488,245.932
0.4788488,111.732
-0.043415,21.0945
-0.043415,79.2198
-0.043415,49.0909
-0.043415,62.0923
-0.043415,31.5818
-0.043415,61.8492
-0.043415,67.6093
-0.043415,130.859
-0.043415,97.7611
-0.043415,106.361
-0.043415,34.009
-0.043415,76.3494
-0.043415,74.2649
-0.043415,131.579
-0.043415,42.8068
-0.043415,72.6623
-0.043415,67.374
-0.043415,113.977
-0.043415,89.3607
-0.043415,87.027
-0.043415,15.4333
-0.043415,135.968
-0.043415,4.23721
-0.043415,87.2694
-0.043415,149.187
-0.043415,138.306
-0.043415,66.4792
-0.043415,108.905
-0.043415,38
-0.043415,36.125
-0.043415,90.8534
-0.043415,71.7249
-0.043415,151.983
-0.043415,19.3279
-0.043415,82.4201
-0.043415,73.9483
-0.043415,199.59
-0.043415,107.883
-0.043415,18.2469
-0.043415,35.4497
-0.043415,30.2846
-0.043415,25.0081
-0.043415,81.5667
-0.043415,11.9759
-0.043415,37.5157
-0.043415,151.481
-0.043415,128.381
-0.043415,35.0142
-0.043415,21.4709
-0.043415,42.5
-0.043415,19.3832
-0.043415,71.6596
-0.043415,51.0946
-0.043415,102.014
-0.043415,92.9506
-0.043415,157.84
-0.043415,109.577
-0.043415,170.215
-0.043415,42.3794
-0.043415,40.0929
-0.043415,41.108
-0.043415,114.685
-0.043415,209.173
-0.043415,129.244
-0.043415,41.9881
-0.043415,133.143
-0.043415,33.4111
-0.043415,18.0341
-0.043415,79.5765
-0.043415,44.4539
-0.043415,43.4588
-0.043415,90.9011
-0.043415,54.4314
-0.043415,71.8333
-0.043415,31.5322
-0.043415,117.715
-0.043415,93.0769
-0.043415,278.303
-0.043415,44.71
-0.043415,244.831
-0.043415,149.51
-0.043415,20.6833
-0.043415,121.969
-0.043415,36.7051
-0.043415,50.506
-0.043415,147.363
-0.043415,112.392
-0.043415,19.6176
-0.043415,6.68595
-0.043415,228.7
-0.043415,26.246
-0.043415,29.8386
-0.043415,12.0256
-0.043415,54.588
-0.043415,51.6825
-0.043415,46.0711
-0.043415,63.784
-0.043415,27.2967
-0.043415,25.3123
-0.043415,46.9831
-0.043415,30.3657
-0.043415,63.1538
-0.043415,94.3597
-0.043415,48.5907
-0.043415,29.8378
-0.043415,201.234
-0.043415,84.1856
-0.043415,29.7378
-0.043415,70.3639
-0.043415,53.1507
-0.043415,47.9917
-0.043415,63.9449
-0.043415,46.607
-0.043415,47.8287
-0.043415,46.7432
-0.043415,22.1227
-0.043415,23.7624
-0.043415,29.9074
-0.043415,18.1667
-0.043415,95.0152
-0.043415,59.2134
-0.043415,69.9907
-0.043415,20.8571
-0.043415,88.0632
-0.043415,37.149
-0.043415,40.8103
-0.043415,71.2264
-0.043415,39.6504
-0.043415,20.9524
-0.043415,81.7258
-0.043415,16.1895
-0.043415,129.813
-0.043415,74.7592
-0.043415,58.7875
-0.043415,150.038
-0.043415,191.84
-0.043415,43.2283
-0.043415,26.8112
-0.043415,30.1943
-0.043415,150.441
-0.043415,141.084
-0.043415,183.535
-0.043415,140.732
-0.043415,42.364
-0.043415,139.586
-0.043415,29.8837
-0.043415,33.3793
-0.043415,238.996
-0.043415,84.2669
-0.043415,117.672
-0.043415,201.469
-0.043415,126.329
-0.043415,48.1223
-0.043415,168.733
-0.043415,47.0217
-0.043415,31.8024
-0.043415,146.485
-0.043415,169.009
-0.043415,63.794
-0.043415,42.0934
-0.043415,263.758
-0.043415,239.859
-0.043415,174.234
-0.043415,152.562
-0.043415,102.668
-0.043415,116.519
-0.043415,89.5549
-0.043415,127.596
-0.043415,240.084
-0.043415,105.194
-0.043415,47.825
-0.043415,63.262
-0.043415,54.322
-0.043415,60.7113
-0.043415,142.451
-0.043415,66.6582
-0.043415,21.0339
-0.043415,73.9792
-0.043415,36.4455
-0.043415,95.1731
-0.043415,39.2886
-0.043415,42.296
-0.043415,150.589
-0.043415,68.068
-0.043415,28.7507
-0.043415,16.254
-0.043415,37.9638
-0.043415,23.0335
-0.043415,99.4545
-0.043415,16.9769
-0.043415,7.19409
-0.043415,43.0795
-0.043415,44.0761
-0.043415,23.4623
-0.043415,238.216
-0.043415,226.5
-0.043415,82.7054
-0.043415,61.2033
-0.043415,54.7
-0.043415,69.6083
-0.043415,72.4976
-0.043415,52.4549
-0.043415,22.0418
-0.043415,20.2478
-0.043415,65.1144
-0.043415,69.5322
-0.043415,95.2837
-0.043415,18.3408
-0.043415,73.0422
-0.043415,20.6266
-0.043415,85.2642
-0.043415,60.9612
-0.043415,44.0673
-0.043415,149.484
-0.043415,82.9
-0.043415,90.1773
-0.043415,20.7066
-0.043415,97.9646
-0.043415,30.641
-0.043415,79.314
-0.043415,27.245
-0.043415,60.3143
-0.043415,29.0898
-0.043415,79.9703
-0.043415,97.4286
-0.043415,59.817
-0.043415,105.342
-0.043415,53.4921
-0.043415,114.613
-0.043415,58.8619
-0.043415,52.1189
-0.043415,40.555
-0.043415,62.6731
-0.043415,90.9173
-0.043415,32.0417
-0.043415,32.4917
-0.043415,27.022
-0.043415,56.7679
-0.043415,82.3094
-0.043415,55.2011
-0.043415,38.6076
-0.043415,21.2357
-0.043415,152.204
-0.043415,171.4
-0.043415,45.2014
-0.043415,46.9032
-0.043415,19.2958
-0.043415,48.0861
-0.043415,170.254
-0.043415,76.4315
-0.043415,36.5379
-0.043415,48.1405
-0.043415,40.885
-0.043415,23.0872
-0.043415,82.2212
-0.043415,49.6526
-0.043415,41.6642
-0.043415,23.0875
-0.043415,25.2232
-0.043415,33.5525
-0.043415,26.4758
-0.043415,33.5167
-0.043415,29.2292
-0.043415,51.9782
-0.043415,56.8826
-0.043415,29.6688
-0.043415,60.4618
-0.043415,28.6024
-0.043415,206.791
-0.043415,31.9412
-0.043415,21.9823
-0.043415,22.0613
-0.043415,188.656
-0.043415,40.4281
-0.043415,40.5532
-0.043415,40.8688
-0.043415,61.2689
-0.043415,37.3254
-0.043415,25.1324
-0.043415,53.9794
-0.043415,46.1791
-0.043415,31.3699
-0.043415,88.1541
-0.043415,85.9531
-0.043415,89.0588
-0.043415,6.18182
-0.043415,11.2839
-0.043415,30.7674
-0.043415,217.882
-0.043415,38.0748
-0.043415,75.2189
-0.043415,81.4603
-0.043415,91.2031
-0.043415,75.6337
-0.043415,30.9214
-0.043415,54.764
-0.043415,70.8026
-0.043415,110.058
-0.043415,18.1679
-0.043415,118.448
-0.043415,58.773
-0.043415,76.2089
-0.043415,63.3497
-0.043415,60.7333
-0.043415,71.1462
-0.043415,65.2913
-0.043415,34.6838
-0.043415,63.025
-0.043415,24.4936
-0.043415,34.9786
-0.043415,24.562
-0.043415,23.4124
-0.043415,46.171
-0.043415,84.7348
-0.043415,60.2517
-0.043415,82.4203
-0.043415,74.4924
-0.043415,31.6
-0.043415,61.3701
-0.043415,81.2283
-0.043415,60.3502
-0.043415,249.876
-0.043415,91.2125
-0.043415,47.9569
-0.043415,51.9597
-0.043415,46.1486
-0.043415,91.5821
-0.043415,44.8653
-0.043415,11.9833
-0.043415,60.1259
-0.043415,14.7527
-0.043415,73.5531
-0.043415,9.04167
-0.043415,25.3935
-0.043415,64.8678
-0.043415,70.0938
-0.043415,81.4176
-0.043415,55.7181
-0.043415,48.5957
-0.043415,49.5638
-0.043415,32.7424
-0.043415,74.5235
-0.043415,56.4928
-0.043415,56.7984
-0.043415,28.9778
-0.043415,145.879
-0.043415,54.3492
-0.043415,52.3864
-0.043415,138.234
-0.043415,49.5865
-0.043415,56.2745
-0.043415,83.5552
-0.043415,149.317
-0.043415,126.022
-0.043415,59.7586
-0.043415,109.339
-0.043415,100.743
-0.043415,70.5799
-0.043415,30.2831
-0.043415,171.191
-0.043415,126.47
-0.043415,62.4333
-0.043415,60.5046
-0.043415,55.2604
-0.043415,44.8239
-0.043415,149.438
-0.043415,98.5465
-0.043415,106.03
-0.043415,73.5879
-0.043415,55.3626
-0.043415,152.107
-0.043415,58.2982
-0.043415,119.412
-0.043415,96.7089
-0.043415,129.728
-0.043415,141.794
-0.043415,57.5584
-0.043415,155.967
-0.043415,46.6431
-0.043415,21.3697
-0.043415,109.297
-0.043415,114.272
-0.043415,171.457
-0.043415,72.744
-0.043415,59.5137
-0.043415,85.2727
-0.043415,192.747
-0.043415,241.421
-0.043415,25.6092
-0.043415,28.1801
-0.043415,107.067
-0.043415,46.3627
-0.043415,182.904
-0.043415,33.475
-0.043415,185.747
-0.043415,38.3583
-0.043415,220.808
-0.043415,15.804
-0.043415,17.9852
-0.043415,289.492
-0.043415,96.3581
-0.043415,105.033
-0.043415,47.5805
-0.043415,226.383
-0.043415,105.32
-0.043415,53.4293
-0.043415,47.3682
-0.043415,40.6081
-0.043415,144.103
-0.043415,140.725
-0.043415,141.86
-0.043415,281.713
-0.043415,19.2754
-0.043415,90.6057
-0.043415,133.587
-0.043415,272.181
-0.043415,60.041
-0.043415,103.683
-0.043415,24.8546
-0.043415,59.3503
-0.043415,51.2644
-0.043415,121.981
-0.043415,54.7623
-0.043415,48.7119
-0.043415,32.747
-0.043415,28.869
-0.043415,75.2434
-0.043415,77.7934
-0.043415,128.2
-0.043415,71.8448
-0.043415,43.4204
-0.043415,246.426
-0.043415,195.922
-0.043415,166.178
-0.043415,189.185
-0.043415,72.3294
-0.043415,45.1045
-0.043415,57.0665
-0.043415,65.7197
-0.043415,35.3321
-0.043415,129.335
-0.043415,89.0565
-0.043415,43.1569
-0.043415,94.4303
-0.043415,135.309
-0.043415,139.054
-0.043415,27.0909
-0.043415,95.3132
-0.043415,183.364
-0.043415,52.5
-0.043415,22.775
-0.043415,223.008
-0.043415,178.836
-0.043415,142.357
-0.043415,95.432
-0.043415,66.7512
-0.043415,157.29
0.39129,183.16
1.258718,147.186
1.258718,741.639
1.258718,172.349
0.885815,76.9043
0.885815,303.793
0.885815,155.703
0.885815,66.5161
0.885815,187.31
0.885815,52.4138
0.885815,164.928
0.885815,87.4979
0.885815,243.933
0.885815,84.2965
0.885815,105.352
0.885815,18.7417
0.885815,133.466
0.885815,107.746
0.885815,38.6408
0.885815,221.644
0.885815,97.3712
0.885815,73.3083
0.885815,68.8827
0.885815,85.1331
0.885815,77.9816
0.885815,74.5351
0.885815,113.915
0.885815,139.901
0.885815,49.6083
0.885815,37.9157
0.885815,37.3838
0.885815,86.5602
0.885815,103.251
0.885815,172.913
0.885815,264.144
0.885815,42.479
0.885815,289.569
0.885815,87.0167
0.885815,163.359
0.885815,193.276
0.885815,242.48
0.885815,82.5897
0.885815,309.726
0.885815,71.1534
0.885815,87.5528
0.885815,67.1526
0.885815,59.8488
0.885815,52.1299
0.885815,80.2164
0.885815,102.662
0.885815,122.49
0.885815,44.5886
0.885815,80.187
0.885815,106.115
0.885815,93.6959
0.885815,48.2798
0.885815,245.404
0.885815,208.93
0.885815,202.598
0.885815,82.6684
0.885815,112.52
0.885815,118.76
0.885815,135.167
0.885815,57.8033
0.885815,73.5697
0.885815,150.392
0.885815,164.076
0.885815,67.5294
0.885815,58.4327
0.885815,149.814
0.885815,120.049
0.885815,78.3091
0.885815,147.648
0.885815,275.937
0.885815,133.675
0.885815,183.982
0.885815,104.148
0.885815,146.677
0.885815,20.0099
0.885815,43.7824
0.885815,159.664
0.885815,166.947
0.885815,53.0934
0.885815,125.989
0.885815,79.9474
0.885815,30.8537
0.885815,172.634
0.885815,85.8581
0.885815,64.9767
0.885815,50.7917
1.242193,242.866
1.242193,200.824
1.242193,229.411
1.242193,154.326
1.242193,305.064
1.242193,153.58
1.242193,118.273
1.242193,148.636
1.242193,64.3754
1.242193,170.213
1.242193,143.783
1.242193,311.277
1.242193,271
1.242193,138.856
1.242193,106.051
1.242193,330.445
1.242193,197.077
1.242193,184.418
1.242193,276.841
0.663661,175.404
-0.96648,4.46512
-0.96648,36.3496
-0.96648,6.18898
-0.96648,35.4309
-0.96648,35.615
-0.96648,8.30435
-0.96648,28.7155
-0.96648,45.7115
-0.96648,33.4143
-0.96648,19.0495
-0.96648,48.5283
-0.96648,129.674
-0.96648,103.273
-0.96648,58.2727
-0.96648,59.94
-0.96648,5.71845
-0.96648,9.58382
-0.96648,30.7073
-0.96648,35.1171
-0.96648,17.5422
-0.96648,44.1424
-0.96648,90.7758
-0.96648,72.6328
-0.96648,43.3177
-0.96648,96.8211
-0.96648,4.61
-0.96648,50.8838
-0.96648,34.4793
-0.96648,73.3803
-0.96648,56.4337
-0.96648,110.103
-0.96648,31.0694
-0.96648,29.2727
-0.96648,21.7088
-0.96648,43.2988
-0.96648,56.3086
-0.96648,54.1429
-0.96648,8.04242
-0.96648,47.0331
-0.96648,18.2152
-0.96648,53.9652
-0.96648,36.5726
-0.54262,70.4921
-0.54262,63.0358
-0.54262,101.635
-0.54262,18.5155
-0.54262,52.0622
-0.54262,16.6887
-0.54262,26.5582
-0.54262,80.2558
-0.54262,13.277
-0.54262,27.9668
-0.54262,42.0778
-0.54262,17.1292
-0.54262,13.0632
-0.54262,21.275
-0.093041,33.2421
-0.093041,41.4062
-0.093041,100.834
-0.093041,47.2687
-0.093041,18.7186
-0.093041,86.4802
-0.093041,46.8706
-0.093041,100.371
-0.093041,35.2212
-0.093041,44.6324
-0.086384,115.798
-0.086384,139.425
-0.086384,36.0314
-0.086384,97.3771
-0.086384,162.413
-0.086384,109.032
-0.086384,20.4049
-0.086384,42.075
-0.086384,61.1553
-0.086384,143.98
-0.086384,78.875
-0.086384,54.5584
-0.086384,82.75
-0.086384,60.8813
-0.086384,166.828
-0.086384,95.0625
-0.086384,102.26
-0.086384,39.1084
-0.086384,45.3882
-0.086384,41.4675
-0.086384,41.4648
-0.086384,105.447
-0.086384,83.0133
-0.086384,50.8826
-0.086384,86.3929
-0.086384,73.6783
-0.086384,97.4349
-0.086384,60.3993
0.4135158,331.34
0.4135158,102.225
0.4135158,147.099
0.4135158,79.0341
0.4135158,81.3973
0.4135158,21.3953
0.4135158,39.3029
0.4135158,45.3279
0.4135158,132.153
0.4135158,100.973
0.4135158,79.7016
0.4135158,16.2
0.4135158,136.764
-0.064036,24.0153
-0.064036,47.7491
-0.064036,42.7016
-0.064036,38.1089
-0.064036,43.1171
-0.064036,40.3761
-0.064036,55.3988
-0.064036,25.8551
-0.064036,60.7235
-0.064036,123.812
-0.064036,178.492
-0.064036,17.9511
-0.064036,69.1779
-0.064036,49.6926
-0.064036,7.08197
-0.064036,130.541
-0.064036,97.1262
-0.064036,84.7698
-0.064036,16.8723
-0.064036,63.8408
-0.064036,74.6806
-0.064036,116.392
-0.064036,102.592
-0.064036,22.0221
-0.064036,20.7991
-0.064036,63.9769
-0.064036,9.68462
-0.064036,43.5197
-0.064036,188.856
-0.064036,86.4833
-0.064036,81.9029
-0.064036,34.1164
-0.064036,57.2681
-0.064036,9.7795
-0.064036,86.8705
-0.064036,73.4222
-0.064036,25.0455
-0.064036,46.3429
-0.064036,49.3288
-0.064036,8.5
-0.064036,48.7222
-0.064036,64.7857
-0.064036,101.147
-0.064036,52.5217
-0.064036,95.6828
-0.064036,60.2909
-0.064036,40.8522
1.256498,83.0667
1.256498,48.3967
1.256498,33.4
1.256498,75.876
1.256498,148.529
1.256498,50.7686
1.256498,123.917
1.256498,107.758
-0.113189,59.8912
-0.113189,72.1983
-0.113189,32.9502
-0.113189,10.1484
-0.113189,31.1183
-0.113189,22.0374
-0.113189,106.852
-0.113189,11.2109
-0.113189,122.523
-0.113189,64.427
-0.113189,36.4433
-0.113189,17.4545
-0.113189,34.6099
-0.113189,200.339
-0.113189,30.9226
0.4202866,160.458
0.4202866,20.6545
0.4202866,40.2169
0.4202866,45.0917
0.4202866,21.9391
0.4202866,36.7089
0.4202866,133.259
0.4202866,129.792
0.4202866,61.4587
0.4202866,71.5377
-0.158651,39.8263
-0.158651,82.6864
-0.158651,94.5869
-0.158651,46.1847
-0.158651,53.3719
-0.158651,61.553
-0.158651,45.4917
-0.158651,29.175
-0.158651,56.0094
-0.158651,42.1833
-0.158651,41.4889
-0.158651,109.799
-0.158651,46.6548
-0.158651,11.3128
-0.158651,36.5
-0.158651,43.1078
-0.158651,143.874
-0.158651,32.0163
-0.158651,82.5672
-0.158651,46.048
-0.158651,40.8687
-0.158651,119.796
-0.158651,33.5721
-0.158651,113.444
-0.158651,61.8253
-0.158651,18.244
-0.158651,25.8219
-0.158651,36.7644
-0.158651,12.4158
-0.158651,37.84
-0.158651,55.3084
-0.158651,76.0963
-0.158651,18.4157
-0.158651,23.2438
-0.158651,18.3934
-0.203764,124.968
-0.203764,29.6148
-0.203764,27.15
-0.203764,86.5485
-0.203764,73.8352
-0.203764,67.6186
-0.203764,135.641
-0.203764,35.4158
-0.203764,42.4242
-0.203764,57.1057
-0.203764,151.193
-0.203764,86.6783
-0.203764,5.10833
-0.203764,245.286
-0.203764,183.163
-0.203764,49
-0.203764,64.9581
-0.203764,63.9417
-0.203764,21.5873
-0.203764,29.0572
-0.203764,65.2952
-0.203764,83.5769
-0.203764,47.3607
-0.203764,15.7573
-0.203764,23.7606
-0.203764,122.285
-0.203764,55.6228
-0.203764,113.844
-0.203764,110.383
-0.203764,19.6395
-0.203764,39.7085
-0.203764,42.1765
-0.203764,41.4706
-0.203764,89.6777
-0.203764,28.9102
-0.203764,25.125
-0.203764,18.369
-0.203764,24.3144
-0.203764,80.8386
-0.203764,68.8679
-0.203764,25.1792
-0.203764,91.4354
-0.203764,77.8178
-0.203764,48.8315
-0.203764,110.018
-0.203764,73.6657
-0.203764,40.7083
-0.203764,32.4557
-0.203764,43.2227
-0.203764,50.6387
-0.203764,36.1533
-0.203764,18.0346
-0.203764,20.878
-0.203764,45.0855
-0.203764,102.34
-0.203764,103.013
-0.203764,56.5679
-0.203764,35.2129
-0.203764,110.409
-0.203764,39.4231
-0.203764,88.0413
-0.203764,24.1093
-0.203764,137.18
-0.203764,66.7804
-0.203764,108.773
-0.203764,30.844
-0.203764,159.976
-0.203764,14.3488
-0.203764,112.736
-0.203764,20.7535
-0.203764,57.2627
-0.203764,39.3459
-0.203764,41.2538
-0.203764,36.1319
-0.203764,64.9882
-0.203764,51.3724
-1.08885,60.9113
-1.08885,35.3945
-1.08885,0
-1.08885,9.74104
-1.08885,29.744
-1.08885,66.0177
-1.08885,33.0233
-1.08885,36.2929
-1.08885,61.5417
-0.1,119.125
0.4247944,74.0233
0.4247944,20.4033
0.4247944,95.3859
0.4247944,159.586
0.4247944,118.891
0.4247944,67.8425
0.4247944,63.3
0.4247944,130.8
0.4247944,85.0388
0.4247944,20.6083
1.69483,492.996
-0.110731,148.304
-0.110731,91.8531
-0.110731,24.9779
-0.110731,111.765
-0.110731,50.3739
-0.110731,37.0765
-0.110731,49.5
-0.110731,20.1233
-0.110731,48.0157
-0.110731,17.5314
-0.110731,24.575
-0.110731,37.6892
-0.110731,59.1279
-0.110731,68.4286
-0.110731,37.0579
-0.110731,53.5064
-0.110731,205.228
-0.110731,110.196
-0.110731,47.6185
-0.110731,160.064
0.4507634,33.6777
0.4507634,48.5793
0.4507634,60.1235
0.4507634,64.4806
0.843105,20.4689
0.843105,272.074
0.843105,149.045
0.843105,207.645
0.843105,47.55
0.843105,264.461
0.843105,9.60976
0.843105,132.767
0.843105,219.228
1.252,152.068
1.252,489.767
1.252,364.907
1.252,19.4062
1.252,201.094
1.252,56.24
1.252,59.6881
1.252,102.594
1.252,293.017
1.252,144.346
1.252,233.27
1.252,208.96
1.252,183.867
1.252,214.45
1.252,16.7716
1.252,53.5417
1.252,63.6471
1.252,305.883
1.252,145.75
1.252,188.948
1.252,154.346
1.252,95.8745
1.252,262.358
1.252,251.24
1.252,220.829
1.252,178.615
1.252,243.552
